FIELDNAME,YEAR,OIL,GAS,NGL,COND,OE,WATER,NPDID
24/9-12 S (Frosk),2019,0.228,0.012,0,0,0.241,0.001,31140456
24/9-12 S (Frosk),2020,0.426,0.025,0,0,0.451,0.083,31140456
33/9-6 DELTA,2009,0.01,0,0,0,0.01,0.011,44576
33/9-6 DELTA,2010,0.021,0,0,0,0.021,0.038,44576
33/9-6 DELTA,2011,0.019,0,0,0,0.019,0.007,44576
33/9-6 DELTA,2012,0.013,0,0,0,0.013,0.004,44576
33/9-6 DELTA,2013,0.004,0,0,0,0.004,0.001,44576
33/9-6 DELTA,2014,0.001,0,0,0,0.001,0,44576
7220/11-1 (Alta),2018,0.106,0,0,0,0.106,0.003,25288497
ALBUSKJELL,1979,0.531,0.652,0.06,0,1.243,0,43437
ALBUSKJELL,1980,1.442,1.779,0.208,0,3.428,0,43437
ALBUSKJELL,1981,1.426,2.249,0.268,0,3.943,0,43437
ALBUSKJELL,1982,0.953,1.998,0.251,0,3.202,0,43437
ALBUSKJELL,1983,0.697,1.655,0.253,0,2.605,0,43437
ALBUSKJELL,1984,0.462,1.183,0.169,0,1.814,0,43437
ALBUSKJELL,1985,0.357,1.026,0.157,0,1.54,0,43437
ALBUSKJELL,1986,0.285,0.946,0.129,0,1.36,0,43437
ALBUSKJELL,1987,0.216,0.778,0.106,0,1.1,0,43437
ALBUSKJELL,1988,0.176,0.613,0.096,0,0.884,0,43437
ALBUSKJELL,1989,0.142,0.456,0.067,0,0.665,0,43437
ALBUSKJELL,1990,0.109,0.339,0.046,0,0.493,0,43437
ALBUSKJELL,1991,0.091,0.271,0.031,0,0.393,0,43437
ALBUSKJELL,1992,0.087,0.266,0.027,0,0.38,0,43437
ALBUSKJELL,1993,0.096,0.309,0.033,0,0.437,0,43437
ALBUSKJELL,1994,0.081,0.264,0.028,0,0.373,0,43437
ALBUSKJELL,1995,0.074,0.236,0.024,0,0.335,0,43437
ALBUSKJELL,1996,0.054,0.218,0.021,0,0.293,0,43437
ALBUSKJELL,1997,0.046,0.192,0.02,0,0.258,0,43437
ALBUSKJELL,1998,0.03,0.106,0.012,0,0.147,0,43437
ALVE,2009,0.259,0.9,0.313,0,1.472,0.003,4444332
ALVE,2010,0.244,0.839,0.289,0,1.372,0,4444332
ALVE,2011,0.318,0.747,0.27,0,1.335,0.002,4444332
ALVE,2012,0.243,0.505,0.187,0,0.935,0,4444332
ALVE,2013,0.136,0.318,0.115,0,0.569,0.002,4444332
ALVE,2014,0.185,0.539,0.184,0,0.908,0.005,4444332
ALVE,2015,0.152,0.459,0.159,0,0.77,0.001,4444332
ALVE,2016,0.146,0.446,0.155,0,0.747,0.001,4444332
ALVE,2017,0.176,0.756,0.247,0,1.179,0.013,4444332
ALVE,2018,0.137,0.63,0.222,0,0.988,0.024,4444332
ALVE,2019,0.117,0.573,0.197,0,0.887,0.013,4444332
ALVE,2020,0.051,0.331,0.112,0,0.495,0.006,4444332
ALVHEIM,2008,2.269,0.126,0,0,2.394,0.001,2845712
ALVHEIM,2009,4.986,0.436,0,0,5.422,0.377,2845712
ALVHEIM,2010,4.599,0.442,0,0,5.041,0.34,2845712
ALVHEIM,2011,3.863,0.461,0,0,4.323,0.935,2845712
ALVHEIM,2012,4.024,0.626,0,0,4.65,2.111,2845712
ALVHEIM,2013,3.492,0.605,0,0,4.096,2.772,2845712
ALVHEIM,2014,3.16,0.573,0,0,3.733,3.86,2845712
ALVHEIM,2015,2.57,0.393,0,0,2.963,4.66,2845712
ALVHEIM,2016,3.321,0.5,0,0,3.821,4.44,2845712
ALVHEIM,2017,4.198,0.571,0,0,4.77,5.507,2845712
ALVHEIM,2018,3.131,0.509,0,0,3.64,5.58,2845712
ALVHEIM,2019,2.868,0.617,0,0,3.485,5.713,2845712
ALVHEIM,2020,1.936,0.498,0,0,2.434,5.174,2845712
ATLA,2012,0.038,0.046,0,0,0.085,0,21106284
ATLA,2013,0.072,0.075,0,0,0.147,0,21106284
ATLA,2014,0.034,0.234,0,0,0.267,0,21106284
ATLA,2015,0.027,0.315,0,0,0.342,0,21106284
ATLA,2016,0.022,0.465,0,0,0.488,0.004,21106284
ATLA,2017,0.035,0.069,0,0,0.104,0,21106284
ATLA,2018,0.023,0.029,0,0,0.052,0.001,21106284
ATLA,2019,0.012,0.077,0,0,0.089,0.001,21106284
ATLA,2020,0,0.069,0,0,0.069,0,21106284
BALDER,1991,0.129,0,0,0,0.129,0,43562
BALDER,1999,0.881,0,0,0,0.881,0.006,43562
BALDER,2000,4.018,0,0,0,4.018,1.212,43562
BALDER,2001,3.888,0,0,0,3.888,1.579,43562
BALDER,2002,3.436,0,0,0,3.436,2.371,43562
BALDER,2003,3.949,0.032,0,0,3.981,2.163,43562
BALDER,2004,6.046,0.194,0,0,6.24,2.627,43562
BALDER,2005,6.984,0.254,0,0,7.239,2.792,43562
BALDER,2006,6.352,0.215,0,0,6.567,3.113,43562
BALDER,2007,5.624,0.189,0,0,5.813,3.437,43562
BALDER,2008,4.409,0.14,0,0,4.549,3.967,43562
BALDER,2009,3.313,0.108,0,0,3.421,4.617,43562
BALDER,2010,2.726,0.091,0,0,2.818,5.213,43562
BALDER,2011,2.27,0.061,0,0,2.332,5.261,43562
BALDER,2012,1.857,0.046,0,0,1.903,4.738,43562
BALDER,2013,1.925,0.062,0,0,1.987,4.686,43562
BALDER,2014,2.488,0.07,0,0,2.557,4.331,43562
BALDER,2015,2.556,0.091,0,0,2.647,4.437,43562
BALDER,2016,2.671,0.093,0,0,2.764,5.034,43562
BALDER,2017,2.119,0.061,0,0,2.18,5.84,43562
BALDER,2018,1.619,0.045,0,0,1.663,5.059,43562
BALDER,2019,1.383,0.032,0,0,1.415,5.227,43562
BALDER,2020,0.856,0.004,0,0,0.86,3.363,43562
BLANE,2007,0.049,0,0.002,0,0.051,0,3437650
BLANE,2008,0.139,0,0.006,0,0.145,0,3437650
BLANE,2009,0.116,0,0.005,0,0.12,0,3437650
BLANE,2010,0.094,0,0.003,0,0.097,0,3437650
BLANE,2011,0.101,0,0.004,0,0.104,0.003,3437650
BLANE,2012,0.054,0,0.002,0,0.056,0.008,3437650
BLANE,2013,0.045,0,0.002,0,0.047,0.023,3437650
BLANE,2014,0.041,0,0.002,0,0.043,0.023,3437650
BLANE,2015,0.028,0,0.001,0,0.029,0.022,3437650
BLANE,2016,0.029,0,0.001,0,0.03,0.027,3437650
BLANE,2017,0.02,0,0.001,0,0.021,0.022,3437650
BLANE,2018,0.019,0,0.001,0,0.019,0.024,3437650
BLANE,2019,0.014,0,0.001,0,0.015,0.021,3437650
BLANE,2020,0.012,0,0.001,0,0.013,0.02,3437650
BRAGE,1993,1.044,0.025,0.031,0,1.1,0,43651
BRAGE,1994,5.352,0.192,0.174,0,5.718,0,43651
BRAGE,1995,6.252,0.223,0.152,0,6.627,0,43651
BRAGE,1996,6.398,0.341,0.209,0,6.947,0,43651
BRAGE,1997,5.869,0.23,0.146,0,6.245,0,43651
BRAGE,1998,5.541,0.281,0.195,0,6.017,0,43651
BRAGE,1999,3.798,0.158,0.111,0,4.067,0,43651
BRAGE,2000,2.633,0.149,0.115,0,2.897,5.023,43651
BRAGE,2001,2.229,0.167,0.158,0,2.554,6.186,43651
BRAGE,2002,2.143,0.115,0.109,0,2.366,5.733,43651
BRAGE,2003,1.878,0.098,0.081,0,2.058,6.974,43651
BRAGE,2004,1.581,0.089,0.068,0,1.738,8.402,43651
BRAGE,2005,1.481,0.124,0.086,0,1.691,8.796,43651
BRAGE,2006,1.113,0.133,0.084,0,1.33,8.941,43651
BRAGE,2007,1.195,0.174,0.107,0,1.476,8.835,43651
BRAGE,2008,1.597,0.259,0.17,0,2.026,8.158,43651
BRAGE,2009,1.676,0.13,0.096,0,1.902,7.401,43651
BRAGE,2010,1.546,0.126,0.087,0,1.759,7.951,43651
BRAGE,2011,1.133,0.13,0.088,0,1.35,8.295,43651
BRAGE,2012,0.788,0.111,0.073,0,0.972,8.466,43651
BRAGE,2013,0.594,0.069,0.043,0,0.706,9.174,43651
BRAGE,2014,0.52,0.114,0.069,0,0.703,11.797,43651
BRAGE,2015,0.659,0.161,0.092,0,0.912,13.33,43651
BRAGE,2016,0.717,0.14,0.081,0,0.937,11.478,43651
BRAGE,2017,0.51,0,0,0,0.51,10.964,43651
BRAGE,2018,0.475,0.047,0.026,0,0.548,13.604,43651
BRAGE,2019,0.518,0.068,0.039,0,0.625,16.56,43651
BRAGE,2020,0.377,0.111,0.057,0,0.545,9.729,43651
BRYNHILD,2014,0.008,0,0,0,0.008,0,21123063
BRYNHILD,2015,0.255,0,0,0,0.255,0.062,21123063
BRYNHILD,2016,0.16,0,0,0,0.16,0.055,21123063
BRYNHILD,2017,0.069,0,0,0,0.069,0.04,21123063
BRYNHILD,2018,-0.001,0,0,0,-0.001,0.001,21123063
BYRDING,2017,0.131,0,0,0,0.131,0.002,28975067
BYRDING,2018,0.209,0,0,0,0.209,0.063,28975067
BYRDING,2019,0.181,0,0,0,0.181,0.17,28975067
BYRDING,2020,0.11,0,0,0,0.11,0.148,28975067
BØYLA,2015,0.761,0.071,0,0,0.833,0.031,22492497
BØYLA,2016,0.625,0.058,0,0,0.682,0.147,22492497
BØYLA,2017,0.366,0.039,0,0,0.405,0.248,22492497
BØYLA,2018,0.235,0.029,0,0,0.265,0.345,22492497
BØYLA,2019,0.105,0.014,0,0,0.119,0.212,22492497
BØYLA,2020,0.002,0,0,0,0.002,0.007,22492497
COD,1977,0.002,0.004,0,0,0.006,0,43785
COD,1978,0.068,0.138,0,0,0.205,0,43785
COD,1979,0.285,0.482,0.035,0,0.802,0,43785
COD,1980,0.465,0.843,0.107,0,1.415,0,43785
COD,1981,0.342,0.691,0.089,0,1.122,0,43785
COD,1982,0.322,0.758,0.105,0,1.185,0,43785
COD,1983,0.283,0.73,0.125,0,1.139,0,43785
COD,1984,0.191,0.529,0.087,0,0.807,0,43785
COD,1985,0.153,0.455,0.083,0,0.691,0,43785
COD,1986,0.126,0.405,0.068,0,0.599,0,43785
COD,1987,0.081,0.281,0.049,0,0.411,0,43785
COD,1988,0.1,0.354,0.068,0,0.521,0,43785
COD,1989,0.071,0.255,0.046,0,0.372,0,43785
COD,1990,0.057,0.194,0.035,0,0.287,0,43785
COD,1991,0.051,0.173,0.025,0,0.25,0,43785
COD,1992,0.049,0.171,0.023,0,0.243,0,43785
COD,1993,0.046,0.157,0.021,0,0.224,0,43785
COD,1994,0.046,0.155,0.021,0,0.223,0,43785
COD,1995,0.047,0.164,0.022,0,0.233,0,43785
COD,1996,0.042,0.148,0.019,0,0.209,0,43785
COD,1997,0.033,0.117,0.017,0,0.167,0,43785
COD,1998,0.018,0.075,0.011,0,0.104,0,43785
DRAUGEN,1993,0.123,0,0,0,0.123,0,43758
DRAUGEN,1994,3.887,0,0,0,3.887,0.065,43758
DRAUGEN,1995,6.971,0,0,0,6.971,0,43758
DRAUGEN,1996,8.444,0,0,0,8.444,0,43758
DRAUGEN,1997,10.452,0,0,0,10.452,0.001,43758
DRAUGEN,1998,11.194,0,0,0,11.194,0.183,43758
DRAUGEN,1999,12.139,0,0,0,12.139,0.196,43758
DRAUGEN,2000,11.744,0.02,0.034,0,11.799,0.238,43758
DRAUGEN,2001,11.859,0.274,0.734,0,12.866,0.249,43758
DRAUGEN,2002,11.067,0.239,0.642,0,11.948,0.828,43758
DRAUGEN,2003,7.434,0.166,0.495,0,8.095,2.151,43758
DRAUGEN,2004,7.807,0.197,0.556,0,8.561,4.758,43758
DRAUGEN,2005,6.018,0.162,0.448,0,6.629,5.967,43758
DRAUGEN,2006,4.549,0.119,0.333,0,5.002,5.461,43758
DRAUGEN,2007,4.124,0.099,0.282,0,4.504,6.476,43758
DRAUGEN,2008,4.04,0.092,0.273,0,4.405,6.897,43758
DRAUGEN,2009,3.398,0.075,0.237,0,3.711,8.018,43758
DRAUGEN,2010,2.409,0.046,0.15,0,2.605,7.527,43758
DRAUGEN,2011,2.173,0.042,0.142,0,2.357,8.311,43758
DRAUGEN,2012,2.024,0.038,0.132,0,2.194,9.564,43758
DRAUGEN,2013,1.469,0.026,0.09,0,1.585,8.15,43758
DRAUGEN,2014,1.805,0.03,0.111,0,1.946,9.272,43758
DRAUGEN,2015,1.721,0.023,0.099,0,1.843,10.769,43758
DRAUGEN,2016,1.277,0.014,0.065,0,1.356,9.303,43758
DRAUGEN,2017,1.339,0.012,0.066,0,1.416,10.794,43758
DRAUGEN,2018,1.16,0.008,0.05,0,1.218,9.859,43758
DRAUGEN,2019,1.13,0.005,0.047,0,1.182,11.521,43758
DRAUGEN,2020,0.822,0.004,0.025,0,0.85,9.43,43758
EDDA,1979,0.049,0.01,0.002,0,0.061,0,43541
EDDA,1980,1.26,0.42,0.085,0,1.765,0,43541
EDDA,1981,0.718,0.409,0.071,0,1.198,0,43541
EDDA,1982,0.424,0.297,0.055,0,0.775,0,43541
EDDA,1983,0.291,0.201,0.045,0,0.536,0,43541
EDDA,1984,0.232,0.133,0.029,0,0.394,0,43541
EDDA,1985,0.192,0.09,0.023,0,0.305,0,43541
EDDA,1986,0.139,0.052,0.013,0,0.204,0,43541
EDDA,1987,0.05,0.015,0.004,0,0.069,0,43541
EDDA,1988,0.079,0.018,0.006,0,0.104,0,43541
EDDA,1989,0.171,0.044,0.014,0,0.23,0,43541
EDDA,1990,0.179,0.049,0.015,0,0.243,0,43541
EDDA,1991,0.144,0.037,0.01,0,0.191,0,43541
EDDA,1992,0.169,0.042,0.01,0,0.221,0,43541
EDDA,1993,0.136,0.033,0.008,0,0.177,0,43541
EDDA,1994,0.137,0.031,0.007,0,0.176,0,43541
EDDA,1995,0.146,0.031,0.007,0,0.184,0,43541
EDDA,1996,0.138,0.031,0.006,0,0.176,0,43541
EDDA,1997,0.104,0.02,0.005,0,0.129,0,43541
EDDA,1998,0.06,0.013,0.003,0,0.075,0,43541
EDVARD GRIEG,2015,0.151,0.008,0.001,0,0.161,0,21675433
EDVARD GRIEG,2016,3.902,0.324,0.133,0,4.36,0.024,21675433
EDVARD GRIEG,2017,5.413,0.495,0.276,0,6.185,0.07,21675433
EDVARD GRIEG,2018,5.103,0.461,0.277,0,5.84,0.102,21675433
EDVARD GRIEG,2019,4.998,0.499,0.249,0,5.746,0.151,21675433
EDVARD GRIEG,2020,4.085,0.36,0.203,0,4.648,0.218,21675433
EKOFISK,1971,0.357,0,0,0,0.357,0,43506
EKOFISK,1972,1.927,0,0,0,1.927,0,43506
EKOFISK,1973,1.87,0,0,0,1.87,0,43506
EKOFISK,1974,2.014,0,0,0,2.014,0,43506
EKOFISK,1975,10.995,0,0,0,10.995,0,43506
EKOFISK,1976,16.227,0,0,0,16.227,0,43506
EKOFISK,1977,15.888,1.441,0,0,17.33,0,43506
EKOFISK,1978,15.522,4.931,0,0,20.453,0,43506
EKOFISK,1979,12.978,5.759,0.577,0,19.314,0,43506
EKOFISK,1980,10.999,6.455,1.118,0,18.572,0,43506
EKOFISK,1981,8.986,6.497,1.042,0,16.525,0,43506
EKOFISK,1982,8.127,6.343,1.093,0,15.564,0,43506
EKOFISK,1983,8.109,5.923,1.277,0,15.309,0,43506
EKOFISK,1984,7.419,6.595,1.2,0,15.214,0,43506
EKOFISK,1985,6.234,5.811,1.193,0,13.238,0,43506
EKOFISK,1986,4.697,2.653,0.917,0,8.267,0,43506
EKOFISK,1987,3.997,3.879,0.738,0,8.613,0,43506
EKOFISK,1988,5.363,3.776,1.093,0,10.231,0,43506
EKOFISK,1989,6.638,5.042,1.146,0,12.827,0,43506
EKOFISK,1990,7.495,5.218,1.082,0,13.796,0,43506
EKOFISK,1991,8.601,4.839,1.058,0,14.498,0,43506
EKOFISK,1992,8.996,5.864,0.965,0,15.825,0,43506
EKOFISK,1993,8.767,4.669,0.857,0,14.293,0,43506
EKOFISK,1994,10.101,4.748,0.845,0,15.694,0,43506
EKOFISK,1995,12.827,5.176,0.919,0,18.923,0,43506
EKOFISK,1996,13.446,5.243,0.895,0,19.584,0,43506
EKOFISK,1997,14.272,4.993,0.819,0,20.084,0,43506
EKOFISK,1998,14.534,3.624,0.626,0,18.784,0,43506
EKOFISK,1999,14.274,2.785,0.484,0,17.543,0,43506
EKOFISK,2000,16.669,3.015,0.549,0,20.232,3.823,43506
EKOFISK,2001,16.565,2.878,0.523,0,19.965,4.549,43506
EKOFISK,2002,17.233,2.743,0.605,0,20.581,5.545,43506
EKOFISK,2003,17.173,2.689,0.623,0,20.484,6.204,43506
EKOFISK,2004,16.521,2.579,0.622,0,19.722,6.802,43506
EKOFISK,2005,15.818,2.531,0.613,0,18.962,7.559,43506
EKOFISK,2006,15.79,2.638,0.635,0,19.063,8.163,43506
EKOFISK,2007,13.183,2.286,0.524,0,15.992,8.227,43506
EKOFISK,2008,12.189,2.156,0.528,0,14.873,8.997,43506
EKOFISK,2009,11.247,1.903,0.456,0,13.606,10.627,43506
EKOFISK,2010,9.388,1.589,0.371,0,11.348,11.421,43506
EKOFISK,2011,8.411,1.297,0.293,0,10.002,12.962,43506
EKOFISK,2012,7.575,1.103,0.271,0,8.948,13.568,43506
EKOFISK,2013,6.392,0.829,0.198,0,7.419,11.225,43506
EKOFISK,2014,6.786,0.965,0.218,0,7.969,12.29,43506
EKOFISK,2015,6.479,0.979,0.199,0,7.657,12.442,43506
EKOFISK,2016,6.125,0.886,0.176,0,7.187,12.358,43506
EKOFISK,2017,6.298,0.934,0.19,0,7.422,13.979,43506
EKOFISK,2018,5.82,0.865,0.19,0,6.875,13.786,43506
EKOFISK,2019,5.598,0.859,0.189,0,6.647,12.738,43506
EKOFISK,2020,4.258,0.628,0.142,0,5.028,11.674,43506
ELDFISK,1979,1.712,0.413,0.073,0,2.197,0,43527
ELDFISK,1980,5.875,1.496,0.295,0,7.666,0,43527
ELDFISK,1981,4.933,1.511,0.281,0,6.725,0,43527
ELDFISK,1982,4.115,1.385,0.279,0,5.778,0,43527
ELDFISK,1983,3.715,1.44,0.329,0,5.483,0,43527
ELDFISK,1984,3.38,1.389,0.296,0,5.065,0,43527
ELDFISK,1985,3.378,1.394,0.33,0,5.102,0,43527
ELDFISK,1986,3.358,1.443,0.306,0,5.107,0,43527
ELDFISK,1987,3.145,1.359,0.294,0,4.798,0,43527
ELDFISK,1988,3.822,2.247,0.511,0,6.579,0,43527
ELDFISK,1989,4.205,1.567,0.559,0,6.331,0,43527
ELDFISK,1990,3.681,1.31,0.481,0,5.472,0,43527
ELDFISK,1991,2.98,1.982,0.329,0,5.291,0,43527
ELDFISK,1992,2.785,1.842,0.271,0,4.897,0,43527
ELDFISK,1993,2.451,1.712,0.251,0,4.413,0,43527
ELDFISK,1994,2.23,1.549,0.229,0,4.008,0,43527
ELDFISK,1995,2.692,1.995,0.292,0,4.979,0,43527
ELDFISK,1996,2.334,1.67,0.243,0,4.247,0,43527
ELDFISK,1997,2.353,1.703,0.26,0,4.316,0,43527
ELDFISK,1998,1.517,1.068,0.169,0,2.754,0,43527
ELDFISK,1999,1.164,0.557,0.101,0,1.822,0,43527
ELDFISK,2000,1.273,0.664,0.117,0,2.054,0.148,43527
ELDFISK,2001,1.996,0.749,0.145,0,2.891,0.221,43527
ELDFISK,2002,2.392,0.926,0.163,0,3.482,0.504,43527
ELDFISK,2003,2.419,0.742,0.142,0,3.302,0.744,43527
ELDFISK,2004,3.163,0.885,0.185,0,4.233,0.884,43527
ELDFISK,2005,3.511,0.86,0.178,0,4.549,1.046,43527
ELDFISK,2006,3.012,0.694,0.152,0,3.858,0.986,43527
ELDFISK,2007,2.644,0.534,0.121,0,3.299,0.93,43527
ELDFISK,2008,3.022,0.562,0.136,0,3.721,1.096,43527
ELDFISK,2009,2.858,0.485,0.117,0,3.46,0.95,43527
ELDFISK,2010,2.874,0.505,0.115,0,3.494,1.026,43527
ELDFISK,2011,2.894,0.476,0.108,0,3.478,1.157,43527
ELDFISK,2012,2.645,0.284,0.089,0,3.018,1.346,43527
ELDFISK,2013,1.93,0.257,0.069,0,2.256,1.186,43527
ELDFISK,2014,1.955,0.275,0.069,0,2.3,1.426,43527
ELDFISK,2015,2.381,0.341,0.086,0,2.807,1.513,43527
ELDFISK,2016,2.458,0.325,0.083,0,2.866,1.629,43527
ELDFISK,2017,2.533,0.341,0.084,0,2.958,2.075,43527
ELDFISK,2018,2.429,0.277,0.077,0,2.783,2.358,43527
ELDFISK,2019,2.325,0.245,0.075,0,2.645,2.389,43527
ELDFISK,2020,2.082,0.209,0.065,0,2.356,2.271,43527
EMBLA,1993,0.688,0.21,0.046,0,0.944,0,43534
EMBLA,1994,1.416,0.428,0.096,0,1.94,0,43534
EMBLA,1995,1.273,0.389,0.086,0,1.748,0,43534
EMBLA,1996,0.999,0.355,0.072,0,1.426,0,43534
EMBLA,1997,0.736,0.296,0.062,0,1.094,0,43534
EMBLA,1998,0.485,0.186,0.039,0,0.71,0,43534
EMBLA,1999,0.701,0.251,0.062,0,1.014,0,43534
EMBLA,2000,0.637,0.225,0.061,0,0.923,0.005,43534
EMBLA,2001,0.495,0.082,0.043,0,0.62,0.008,43534
EMBLA,2002,0.387,0.079,0.036,0,0.502,0.009,43534
EMBLA,2003,0.403,0.109,0.034,0,0.546,0.009,43534
EMBLA,2004,0.4,0.159,0.04,0,0.599,0.007,43534
EMBLA,2005,0.282,0.135,0.03,0,0.447,0.003,43534
EMBLA,2006,0.33,0.159,0.039,0,0.527,0.008,43534
EMBLA,2007,0.197,0.11,0.025,0,0.333,0.009,43534
EMBLA,2008,0.219,0.144,0.031,0,0.395,0.011,43534
EMBLA,2009,0.224,0.145,0.032,0,0.401,0.006,43534
EMBLA,2010,0.172,0.155,0.032,0,0.359,0.011,43534
EMBLA,2011,0.148,0.117,0.023,0,0.288,0.016,43534
EMBLA,2012,0.12,0.092,0.018,0,0.231,0.012,43534
EMBLA,2013,0.125,0.069,0.014,0,0.208,0.01,43534
EMBLA,2014,0.192,0.076,0.018,0,0.285,0.005,43534
EMBLA,2015,0.129,0.084,0.017,0,0.23,0.001,43534
EMBLA,2016,0.154,0.102,0.02,0,0.276,0,43534
EMBLA,2017,0.185,0.109,0.022,0,0.316,0,43534
EMBLA,2018,0.147,0.106,0.022,0,0.275,0.007,43534
EMBLA,2019,0.087,0.103,0.021,0,0.211,0.01,43534
EMBLA,2020,0.062,0.077,0.016,0,0.155,0.009,43534
ENOCH,2007,0.056,0,0,0,0.056,0.001,3437659
ENOCH,2008,0.068,0,0,0,0.068,0.002,3437659
ENOCH,2009,0.072,0,0,0,0.072,0.001,3437659
ENOCH,2010,0.047,0,0,0,0.047,0.001,3437659
ENOCH,2011,0.029,0,0,0,0.029,0,3437659
ENOCH,2012,0.002,0,0,0,0.002,0,3437659
ENOCH,2015,0,0,0,0,0,0,3437659
ENOCH,2016,0.01,0,0,0,0.01,0.017,3437659
ENOCH,2017,0.008,0,0,0,0.008,0.019,3437659
ENOCH,2018,0.018,0,0,0,0.018,0.046,3437659
ENOCH,2019,0.013,0,0,0,0.013,0.044,3437659
ENOCH,2020,0.007,0,0,0,0.007,0.028,3437659
FLYNDRE,2017,0.018,0,0,0,0.018,0,24635035
FLYNDRE,2018,0.023,0,0,0,0.024,0,24635035
FLYNDRE,2019,0.016,0,0,0,0.016,0.001,24635035
FLYNDRE,2020,0.011,0,0,0,0.012,0.002,24635035
FRAM,2003,0.694,0,0,0,0.694,0.003,1578840
FRAM,2004,2.938,0,0,0,2.938,0.059,1578840
FRAM,2005,1.861,0,0,0,1.861,0.078,1578840
FRAM,2006,1.663,0,0,0,1.663,0.066,1578840
FRAM,2007,2.641,0.068,0.004,0,2.712,0.196,1578840
FRAM,2008,3.278,0.288,0.027,0,3.593,0.119,1578840
FRAM,2009,3.381,0.423,0.068,0,3.872,0.295,1578840
FRAM,2010,3.091,0.569,0.076,0,3.737,0.403,1578840
FRAM,2011,2.802,0.576,0.077,0,3.454,0.597,1578840
FRAM,2012,2.442,0.535,0.084,0,3.061,0.816,1578840
FRAM,2013,2.428,0.606,0.094,0,3.128,1.14,1578840
FRAM,2014,2.006,0.625,0.105,0,2.736,1.302,1578840
FRAM,2015,1.473,0.632,0.081,0,2.185,1.116,1578840
FRAM,2016,1.446,0.623,0.09,0,2.159,0.728,1578840
FRAM,2017,1.71,0.728,0.132,0,2.57,0.664,1578840
FRAM,2018,1.531,0.711,0.106,0,2.348,0.833,1578840
FRAM,2019,1.716,0.728,0.118,0,2.562,0.806,1578840
FRAM,2020,1.292,0.939,0.164,0,2.395,0.409,1578840
FRAM H-NORD,2014,0.126,0,0,0,0.126,0.019,23410947
FRAM H-NORD,2015,0.269,0,0,0,0.269,0.361,23410947
FRAM H-NORD,2016,0.161,0,0,0,0.161,0.267,23410947
FRAM H-NORD,2017,0.029,0,0,0,0.029,0.06,23410947
FRAM H-NORD,2018,0,0,0,0,0,0.002,23410947
FRIGG,1977,0,0.953,0,0.002,0.955,0,43555
FRIGG,1978,0,4.445,0,0.021,4.466,0,43555
FRIGG,1979,0,8.283,0,0.044,8.327,0,43555
FRIGG,1980,0,9.927,0,0.048,9.975,0,43555
FRIGG,1981,0,10.928,0,0.048,10.976,0,43555
FRIGG,1982,0,10.165,0,0.043,10.209,0,43555
FRIGG,1983,0,10.719,0,0.041,10.76,0,43555
FRIGG,1984,0,10.08,0,0.034,10.114,0,43555
FRIGG,1985,0,8.584,0,0.034,8.618,0,43555
FRIGG,1986,0,8.198,0,0.034,8.232,0,43555
FRIGG,1987,0,7.76,0,0.029,7.789,0,43555
FRIGG,1988,0,6.967,0,0.024,6.99,0,43555
FRIGG,1989,0,5.16,0,0.014,5.174,0,43555
FRIGG,1990,0,2.329,0,0.007,2.336,0,43555
FRIGG,1991,0,1.503,0,0.006,1.51,0,43555
FRIGG,1992,0,1.643,0,0.012,1.656,0,43555
FRIGG,1993,0,1.354,0,0.006,1.361,0,43555
FRIGG,1994,0,1.054,0,0.003,1.057,0,43555
FRIGG,1995,0,0.664,0,0.001,0.665,0,43555
FRIGG,1996,0,0.41,0,0,0.411,0,43555
FRIGG,1997,0,0.48,0,0,0.48,0,43555
FRIGG,1998,0,0.601,0,0.001,0.601,0,43555
FRIGG,1999,0,0.332,0,0,0.333,0,43555
FRIGG,2000,0,0.603,0,0.001,0.603,0.005,43555
FRIGG,2001,0,0.737,0,0.002,0.74,0.005,43555
FRIGG,2002,0,0.717,0,0.001,0.718,0.004,43555
FRIGG,2003,0,0.708,0,0.001,0.709,0.002,43555
FRIGG,2004,0,0.863,0,0.001,0.864,0.049,43555
FRØY,1995,0.871,0.154,0,0.005,1.03,0,43597
FRØY,1996,1.778,0.345,0,0.023,2.147,0,43597
FRØY,1997,1.396,0.289,0,0.017,1.702,0,43597
FRØY,1998,0.716,0.169,0,0.017,0.901,0,43597
FRØY,1999,0.493,0.249,0,0.027,0.77,0,43597
FRØY,2000,0.263,0.358,0,0.016,0.637,0.056,43597
FRØY,2001,0.036,0.042,0,0.001,0.078,0.002,43597
GAUPE,2012,0.111,0.161,0.013,0.007,0.293,0.004,18161341
GAUPE,2013,0.05,0.142,0.015,0.005,0.212,0.014,18161341
GAUPE,2014,0.022,0.067,0.012,0.004,0.105,0.003,18161341
GAUPE,2015,0.02,0.013,0.003,0.001,0.037,0.014,18161341
GAUPE,2016,0.018,0.067,0.003,0.001,0.088,0.002,18161341
GAUPE,2017,0.009,0.009,0.002,0.001,0.02,0,18161341
GAUPE,2018,0.003,0.001,0,0,0.004,0.001,18161341
GIMLE,2005,0.3,0.062,0.021,0,0.383,0.009,4005142
GIMLE,2006,0.256,0.012,0.004,0,0.272,0.001,4005142
GIMLE,2007,0.55,0,0,0,0.55,0.021,4005142
GIMLE,2008,0.611,0,0,0,0.611,0.561,4005142
GIMLE,2009,0.333,0,0,0,0.333,0.795,4005142
GIMLE,2010,0.227,0,0,0,0.227,1.003,4005142
GIMLE,2011,0.2,0,0,0,0.2,1.192,4005142
GIMLE,2012,0.144,0.331,0.133,0,0.608,1.322,4005142
GIMLE,2013,0.102,0.326,0.126,0,0.554,1.417,4005142
GIMLE,2014,0.061,0,0,0,0.061,1.309,4005142
GIMLE,2015,0.078,0.106,0.047,0,0.231,1.012,4005142
GIMLE,2016,0.051,0.036,0.016,0,0.102,0.676,4005142
GIMLE,2017,0.01,0.008,0.003,0,0.021,0.223,4005142
GIMLE,2018,0,0,0,0,0,0.001,4005142
GIMLE,2019,0,0.043,0.016,0,0.06,0,4005142
GIMLE,2020,0,0,0,0,0,0,4005142
GINA KROG,2017,0.748,0.586,0.085,0,1.418,0.004,23384544
GINA KROG,2018,1.983,0.606,0.269,0,2.858,0.019,23384544
GINA KROG,2019,1.862,0.852,0.376,0,3.09,0.03,23384544
GINA KROG,2020,1.069,0.215,0.243,0,1.528,0.023,23384544
GJØA,2010,0.241,0.123,0.036,0.007,0.407,0.008,4467574
GJØA,2011,2.149,1.768,0.846,0.071,4.834,0.088,4467574
GJØA,2012,2.763,2.934,1.748,0.172,7.617,0.112,4467574
GJØA,2013,1.935,3.886,2.022,0.193,8.035,0.177,4467574
GJØA,2014,1.425,3.515,1.858,0.167,6.965,0.27,4467574
GJØA,2015,1.314,3.896,1.942,0.189,7.341,0.472,4467574
GJØA,2016,1.19,4.194,2.131,0,7.515,0.741,4467574
GJØA,2017,0.81,3.648,1.989,0,6.447,0.813,4467574
GJØA,2018,0.716,3.699,2.116,0,6.531,0.782,4467574
GJØA,2019,0.511,2.818,1.385,0,4.714,0.877,4467574
GJØA,2020,0.339,1.923,1.006,0,3.268,0.643,4467574
GLITNE,2001,0.746,0,0,0,0.746,0.005,1272071
GLITNE,2002,2.157,0,0,0,2.157,0.416,1272071
GLITNE,2003,1.686,0,0,0,1.686,1.071,1272071
GLITNE,2004,0.969,0,0,0,0.969,1.291,1272071
GLITNE,2005,0.827,0,0,0,0.827,2.003,1272071
GLITNE,2006,0.582,0,0,0,0.582,2.373,1272071
GLITNE,2007,0.469,0,0,0,0.469,2.628,1272071
GLITNE,2008,0.509,0,0,0,0.509,2.766,1272071
GLITNE,2009,0.371,0,0,0,0.371,2.887,1272071
GLITNE,2010,0.259,0,0,0,0.259,2.473,1272071
GLITNE,2011,0.198,0,0,0,0.198,2.303,1272071
GLITNE,2012,0.101,0,0,0,0.101,1.595,1272071
GLITNE,2013,0.006,0,0,0,0.006,0.194,1272071
GOLIAT,2016,2.95,0,0,0,2.95,0,5774394
GOLIAT,2017,2.513,0,0,0,2.513,0.01,5774394
GOLIAT,2018,3.72,0,0,0,3.72,0.396,5774394
GOLIAT,2019,2.359,0,0,0,2.359,0.843,5774394
GOLIAT,2020,1.964,0,0,0,1.964,1.368,5774394
GRANE,1996,0.079,0,0,0,0.079,0.003,1035937
GRANE,2003,0.751,0,0,0,0.751,0.185,1035937
GRANE,2004,7.086,0,0,0,7.086,2.947,1035937
GRANE,2005,10.308,0,0,0,10.308,4.534,1035937
GRANE,2006,12.614,0,0,0,12.614,4.686,1035937
GRANE,2007,11.992,0,0,0,11.992,3.316,1035937
GRANE,2008,10.037,0,0,0,10.037,3.296,1035937
GRANE,2009,10.724,0,0,0,10.724,2.726,1035937
GRANE,2010,9.654,0,0,0,9.654,2.299,1035937
GRANE,2011,8.097,0,0,0,8.097,3.157,1035937
GRANE,2012,7.108,0,0,0,7.108,3.626,1035937
GRANE,2013,5.505,0,0,0,5.505,4.545,1035937
GRANE,2014,4.086,0,0,0,4.086,3.917,1035937
GRANE,2015,4.215,0,0,0,4.215,4.582,1035937
GRANE,2016,4.391,0,0,0,4.391,5.676,1035937
GRANE,2017,5.832,0,0,0,5.832,6.171,1035937
GRANE,2018,5.625,0,0,0,5.625,5.195,1035937
GRANE,2019,5.118,0,0,0,5.118,4.325,1035937
GRANE,2020,3.334,0,0,0,3.334,3.228,1035937
GUDRUN,2014,1.081,0.683,0.214,0,1.978,0.003,18116481
GUDRUN,2015,3.019,1.54,0.472,0,5.031,0.034,18116481
GUDRUN,2016,3.4,1.727,0.474,0,5.602,0.088,18116481
GUDRUN,2017,3.193,2.009,0.48,0,5.682,0.24,18116481
GUDRUN,2018,2.379,1.63,0.323,0,4.332,0.28,18116481
GUDRUN,2019,1.973,1.496,0.294,0,3.762,0.318,18116481
GUDRUN,2020,1.221,1.121,0.225,0,2.567,0.205,18116481
GULLFAKS,1986,0.044,0,0,0,0.044,0,43686
GULLFAKS,1987,4.02,0.122,0.017,0,4.158,0,43686
GULLFAKS,1988,8.639,0.582,0.08,0,9.301,0,43686
GULLFAKS,1989,15.49,1.059,0.151,0,16.7,0,43686
GULLFAKS,1990,14.83,1.005,0.145,0,15.979,0,43686
GULLFAKS,1991,19.907,1.31,0.237,0,21.454,0,43686
GULLFAKS,1992,25.027,1.799,0.337,0,27.164,0,43686
GULLFAKS,1993,28.677,2.069,0.495,0,31.24,0,43686
GULLFAKS,1994,30.743,2.017,0.448,0,33.208,0,43686
GULLFAKS,1995,28.091,1.873,0.378,0,30.342,0,43686
GULLFAKS,1996,25.445,1.773,0.202,0,27.42,0,43686
GULLFAKS,1997,24.121,1.684,0.189,0,25.994,0,43686
GULLFAKS,1998,19.855,1.455,0.244,0,21.554,0,43686
GULLFAKS,1999,17.277,0.968,0.165,0,18.41,0,43686
GULLFAKS,2000,13.272,0.902,0.162,0,14.336,23.517,43686
GULLFAKS,2001,10.532,0.827,0.197,0,11.556,25.287,43686
GULLFAKS,2002,9.211,0.605,0.163,0,9.978,24.652,43686
GULLFAKS,2003,9.506,0.622,0.252,0,10.38,25.271,43686
GULLFAKS,2004,9.712,0.579,0.232,0,10.523,29.085,43686
GULLFAKS,2005,8.346,0.448,0.217,0,9.011,25.154,43686
GULLFAKS,2006,6.429,0.493,0.196,0,7.118,26.228,43686
GULLFAKS,2007,5.56,0.236,0.257,0,6.053,23.837,43686
GULLFAKS,2008,5.305,0.333,0.322,0,5.961,23.649,43686
GULLFAKS,2009,4.69,0.228,0.073,0,4.99,25.826,43686
GULLFAKS,2010,3.959,0.09,0.03,0,4.079,24.553,43686
GULLFAKS,2011,2.663,0,0,0,2.663,15.123,43686
GULLFAKS,2012,2.537,0,0,0,2.537,15.814,43686
GULLFAKS,2013,2.568,0,0,0,2.568,13.839,43686
GULLFAKS,2014,2.136,0,0,0,2.136,13.087,43686
GULLFAKS,2015,2.098,0,0,0,2.098,15.877,43686
GULLFAKS,2016,2.279,0,0,0,2.279,16.158,43686
GULLFAKS,2017,2.043,0,0,0,2.043,15.689,43686
GULLFAKS,2018,2.676,0,0,0,2.676,17.281,43686
GULLFAKS,2019,2.739,0,0,0,2.739,16.359,43686
GULLFAKS,2020,2.035,0,0,0,2.035,12.817,43686
GULLFAKS SØR,1998,0.069,0,0,0,0.069,0,43699
GULLFAKS SØR,1999,2.207,0,0,0,2.207,0,43699
GULLFAKS SØR,2000,2.994,0.499,0.105,0,3.598,0.19,43699
GULLFAKS SØR,2001,3.838,0.599,0.151,0,4.589,0.372,43699
GULLFAKS SØR,2002,3.729,1.887,0.458,0,6.073,0.243,43699
GULLFAKS SØR,2003,3.379,2.543,0.579,0,6.501,0.178,43699
GULLFAKS SØR,2004,4.171,3.214,0.741,0,8.125,0.188,43699
GULLFAKS SØR,2005,3.889,3.803,0.824,0,8.517,0.393,43699
GULLFAKS SØR,2006,2.933,3.637,0.967,0,7.536,0.561,43699
GULLFAKS SØR,2007,3.28,4.043,1.017,0,8.34,0.613,43699
GULLFAKS SØR,2008,3.108,3.738,0.878,0,7.724,0.356,43699
GULLFAKS SØR,2009,3.007,2.637,0.82,0,6.465,0.445,43699
GULLFAKS SØR,2010,2.085,2.336,0.741,0.002,5.165,0.156,43699
GULLFAKS SØR,2011,1.594,1.609,0.28,0,3.483,0.331,43699
GULLFAKS SØR,2012,1.882,2.436,0.666,0,4.983,1.441,43699
GULLFAKS SØR,2013,2.381,2.748,0.771,0.004,5.904,1.773,43699
GULLFAKS SØR,2014,2.233,3.383,0.98,0.015,6.612,1.596,43699
GULLFAKS SØR,2015,1.841,3.166,0.935,0.029,5.97,1.529,43699
GULLFAKS SØR,2016,1.695,4.327,1.267,0,7.289,1.848,43699
GULLFAKS SØR,2017,1.485,5.907,1.593,0,8.985,1.055,43699
GULLFAKS SØR,2018,1.203,6.02,1.529,0,8.752,1.26,43699
GULLFAKS SØR,2019,1.456,4.908,1.098,0,7.462,1.111,43699
GULLFAKS SØR,2020,1.003,3.963,1.015,0,5.981,0.908,43699
GUNGNE,1996,0,0,0.037,0.062,0.098,0,43464
GUNGNE,1997,0,0,0.223,0.393,0.616,0,43464
GUNGNE,1998,0,0,0.102,0.18,0.283,0,43464
GUNGNE,1999,0,0,0.138,0.252,0.389,0,43464
GUNGNE,2000,0,0,0.127,0.171,0.298,0.008,43464
GUNGNE,2001,0,0,0.28,0.314,0.594,0.007,43464
GUNGNE,2002,0,0,0.305,0.445,0.75,0.009,43464
GUNGNE,2003,0,0,0.416,0.573,0.989,0.024,43464
GUNGNE,2004,0,0,0.335,0.466,0.8,0.039,43464
GUNGNE,2005,0,0,0.342,0.344,0.686,0.052,43464
GUNGNE,2006,0,0,0.29,0.261,0.55,0.069,43464
GUNGNE,2007,0,0,0.269,0.226,0.495,0.073,43464
GUNGNE,2008,0,0,0.243,0.213,0.455,0.08,43464
GUNGNE,2009,0,0,0.191,0.148,0.338,0.079,43464
GUNGNE,2010,0,0,0.142,0.12,0.262,0.09,43464
GUNGNE,2011,0,0,0.121,0.075,0.196,0.081,43464
GUNGNE,2012,0,0,0.101,0.065,0.165,0.082,43464
GUNGNE,2013,0,0,0.093,0.07,0.162,0.064,43464
GUNGNE,2014,0.043,0.218,0.069,0.016,0.347,0.064,43464
GUNGNE,2015,0.054,0.264,0.057,0,0.375,0.058,43464
GUNGNE,2016,0.048,0.227,0.044,0,0.318,0.055,43464
GUNGNE,2017,0.037,0.179,0.035,0,0.25,0.031,43464
GUNGNE,2018,0.028,0.132,0.03,0,0.19,0.012,43464
GUNGNE,2019,0.028,0.133,0.027,0,0.188,0.013,43464
GUNGNE,2020,0.018,0.098,0.018,0,0.134,0.011,43464
GYDA,1990,1.497,0.159,0.181,0,1.836,0,43492
GYDA,1991,3.13,0.416,0.368,0,3.914,0,43492
GYDA,1992,3.587,0.479,0.4,0,4.466,0,43492
GYDA,1993,3.708,0.483,0.402,0,4.593,0,43492
GYDA,1994,3.808,0.475,0.413,0,4.696,0,43492
GYDA,1995,3.448,0.501,0.381,0,4.329,0,43492
GYDA,1996,3.125,0.608,0.362,0,4.095,0,43492
GYDA,1997,2.505,0.581,0.31,0,3.396,0,43492
GYDA,1998,1.74,0.484,0.221,0,2.445,0,43492
GYDA,1999,1.502,0.456,0.176,0,2.134,0,43492
GYDA,2000,1.116,0.281,0.124,0,1.52,0.87,43492
GYDA,2001,1.116,0.234,0.111,0,1.461,0.935,43492
GYDA,2002,0.698,0.088,0.06,0,0.847,1.243,43492
GYDA,2003,0.65,0.065,0.049,0,0.763,1.863,43492
GYDA,2004,0.524,0.055,0.038,0,0.617,1.377,43492
GYDA,2005,0.745,0.123,0.059,0,0.927,0.886,43492
GYDA,2006,0.65,0.134,0.058,0,0.842,1.053,43492
GYDA,2007,0.521,0.124,0.048,0,0.692,1.201,43492
GYDA,2008,0.623,0.15,0.061,0,0.834,1.453,43492
GYDA,2009,0.384,0.124,0.041,0,0.549,1.657,43492
GYDA,2010,0.224,0.081,0.026,0,0.33,1.197,43492
GYDA,2011,0.234,0.061,0.021,0,0.316,0.966,43492
GYDA,2012,0.144,0.004,0.006,0,0.155,0.675,43492
GYDA,2013,0.123,0.012,0.007,0,0.141,0.587,43492
GYDA,2014,0.117,0.011,0.006,0,0.135,0.851,43492
GYDA,2015,0.095,0.004,0.004,0,0.103,0.697,43492
GYDA,2016,0.081,0.002,0.003,0,0.087,0.511,43492
GYDA,2017,0.065,0,0.002,0,0.068,0.338,43492
GYDA,2018,0.056,0,0.002,0,0.058,0.256,43492
GYDA,2019,0.049,0,0.001,0,0.051,0.149,43492
GYDA,2020,0.005,0,0,0,0.005,0.013,43492
HEIDRUN,1995,1.059,0,0,0,1.059,0,43771
HEIDRUN,1996,12.189,0,0,0,12.189,0,43771
HEIDRUN,1997,13.456,0.326,0,0,13.783,0,43771
HEIDRUN,1998,11.69,0.571,0,0,12.261,0,43771
HEIDRUN,1999,12.54,0.644,0,0,13.184,1.033,43771
HEIDRUN,2000,10.591,0.615,0,0,11.205,1.7,43771
HEIDRUN,2001,10.226,1.344,0.192,0,11.762,1.629,43771
HEIDRUN,2002,10.132,1.138,0.112,0,11.381,2.366,43771
HEIDRUN,2003,9.07,1.345,0.175,0,10.59,3.723,43771
HEIDRUN,2004,8.583,1.34,0.161,0,10.083,3.686,43771
HEIDRUN,2005,8.139,1.095,0.086,0,9.32,4.61,43771
HEIDRUN,2006,8,1.149,0.102,0,9.252,4.659,43771
HEIDRUN,2007,6.203,0.917,0.069,0,7.189,4.108,43771
HEIDRUN,2008,5.46,1.017,0.054,0,6.531,4.39,43771
HEIDRUN,2009,4.562,0.876,0.057,0,5.494,4.621,43771
HEIDRUN,2010,3.21,0.85,0.036,0,4.096,4.04,43771
HEIDRUN,2011,3.705,0.776,0.012,0,4.493,4.714,43771
HEIDRUN,2012,3.181,0.668,0.005,0,3.854,4.754,43771
HEIDRUN,2013,3.462,0.783,0.026,0,4.271,5.051,43771
HEIDRUN,2014,2.948,0.714,0.006,0,3.668,4.836,43771
HEIDRUN,2015,3.086,0.767,0.001,0,3.854,4.971,43771
HEIDRUN,2016,3.399,0.801,0.032,0,4.232,4.886,43771
HEIDRUN,2017,3.115,1.452,0.133,0,4.7,4.591,43771
HEIDRUN,2018,2.848,1.244,0.121,0,4.213,4.017,43771
HEIDRUN,2019,3.026,1.466,0.143,0,4.636,3.917,43771
HEIDRUN,2020,2.394,1.304,0.131,0,3.829,2.745,43771
HEIMDAL,1986,0.316,2.084,0,0,2.4,0,43590
HEIMDAL,1987,0.52,3.525,0,0,4.045,0,43590
HEIMDAL,1988,0.578,3.595,0,0,4.173,0,43590
HEIMDAL,1989,0.472,3.332,0,0,3.804,0,43590
HEIMDAL,1990,0.505,3.334,0,0,3.839,0,43590
HEIMDAL,1991,0.497,3.416,0,0,3.913,0,43590
HEIMDAL,1992,0.491,3.509,0,0,4,0,43590
HEIMDAL,1993,0.485,3.506,0,0,3.99,0,43590
HEIMDAL,1994,0.444,3.294,0,0,3.739,0,43590
HEIMDAL,1995,0.466,3.434,0,0,3.9,0,43590
HEIMDAL,1996,0.627,4.569,0,0,5.197,0,43590
HEIMDAL,1997,0.407,2.712,0,0,3.119,0,43590
HEIMDAL,1998,0.204,1.326,0,0,1.53,0,43590
HEIMDAL,1999,0.118,0.82,0,0,0.938,0,43590
HEIMDAL,2001,0.013,0.228,0,0,0.24,0,43590
HEIMDAL,2002,0.099,0.547,0,0,0.646,0,43590
HEIMDAL,2003,0.056,0.396,0,0,0.453,0,43590
HEIMDAL,2004,0.051,0.337,0,0,0.388,0,43590
HEIMDAL,2005,0.045,0.292,0,0,0.337,0,43590
HEIMDAL,2006,0.023,0.158,0,0,0.181,0,43590
HEIMDAL,2007,0.026,0.149,0,0,0.175,0,43590
HEIMDAL,2008,0.022,0.17,0,0,0.192,0,43590
HEIMDAL,2009,0.026,0.2,0,0,0.225,0,43590
HEIMDAL,2010,0.025,0.187,0,0,0.212,0,43590
HEIMDAL,2011,0.018,0.122,0,0,0.14,0,43590
HEIMDAL,2013,0.001,0,0,0,0.001,0,43590
HEIMDAL,2016,0.018,0.153,0,0,0.171,0,43590
HEIMDAL,2017,0.068,0.5,0,0,0.568,0,43590
HEIMDAL,2018,0.031,0.205,0,0,0.235,0,43590
HEIMDAL,2019,0.01,0.072,0,0,0.083,0,43590
HEIMDAL,2020,0.003,0.026,0,0,0.03,0,43590
HOD,1990,0.155,0.021,0.01,0,0.186,0,43485
HOD,1991,1.526,0.202,0.088,0,1.816,0,43485
HOD,1992,1.288,0.25,0.077,0,1.614,0,43485
HOD,1993,0.868,0.204,0.051,0,1.123,0,43485
HOD,1994,0.616,0.139,0.038,0,0.793,0,43485
HOD,1995,0.524,0.118,0.032,0,0.674,0,43485
HOD,1996,0.56,0.12,0.032,0,0.712,0,43485
HOD,1997,0.468,0.095,0.026,0,0.589,0,43485
HOD,1998,0.294,0.054,0.015,0,0.363,0,43485
HOD,1999,0.131,0.017,0.005,0,0.152,0,43485
HOD,2000,0.094,0.011,0.003,0,0.109,0.006,43485
HOD,2001,0.377,0.043,0.015,0,0.434,0.042,43485
HOD,2002,0.372,0.051,0.015,0,0.438,0.054,43485
HOD,2003,0.33,0.042,0.014,0,0.386,0.063,43485
HOD,2004,0.282,0.051,0.013,0,0.346,0.082,43485
HOD,2005,0.231,0.035,0.01,0,0.277,0.086,43485
HOD,2006,0.376,0.048,0.015,0,0.439,0.132,43485
HOD,2007,0.302,0.047,0.014,0,0.363,0.086,43485
HOD,2008,0.217,0.033,0.01,0,0.26,0.107,43485
HOD,2009,0.194,0.027,0.009,0,0.23,0.091,43485
HOD,2010,0.173,0.017,0.007,0,0.197,0.095,43485
HOD,2011,0.07,0.008,0.003,0,0.08,0.036,43485
HOD,2012,0.044,0.004,0.001,0,0.05,0.035,43485
HOD,2013,0.036,0.004,0.001,0,0.041,0.02,43485
HOD,2014,0.069,0.006,0.002,0,0.078,0.052,43485
HOD,2015,0.068,0.005,0.002,0,0.076,0.059,43485
HOD,2016,0.077,0.008,0.002,0,0.087,0.062,43485
HOD,2017,0.072,0.007,0.002,0,0.08,0.056,43485
HOD,2018,0.053,0.004,0.002,0,0.059,0.044,43485
HOD,2019,0.04,0.005,0.001,0,0.046,0.033,43485
HOD,2020,0.035,0.004,0.001,0,0.04,0.045,43485
HULDRA,2001,0.038,0.082,0.002,0,0.122,0.003,97002
HULDRA,2002,1.249,2.615,0.052,0,3.916,0.231,97002
HULDRA,2003,1.183,2.958,0.023,0,4.164,0.428,97002
HULDRA,2004,0.939,3.081,0.043,0,4.063,0.406,97002
HULDRA,2005,0.485,1.919,0.042,0,2.446,0.286,97002
HULDRA,2006,0.304,1.338,0.022,0,1.664,0.251,97002
HULDRA,2007,0.168,0.767,0.001,0,0.937,0.204,97002
HULDRA,2008,0.209,1.083,0.001,0,1.293,0.33,97002
HULDRA,2009,0.192,1.055,0,0,1.247,0.389,97002
HULDRA,2010,0.146,0.824,0,0,0.97,0.322,97002
HULDRA,2011,0.115,0.576,0.001,0,0.693,0.25,97002
HULDRA,2012,0.079,0.44,0.023,0,0.542,0.17,97002
HULDRA,2013,0.066,0.378,0.009,0,0.452,0.138,97002
HULDRA,2014,0.041,0.124,0.003,0,0.167,0.083,97002
HYME,2013,0.361,0.048,0.039,0,0.447,0.004,20474183
HYME,2014,0.433,0.05,0.042,0,0.525,0.008,20474183
HYME,2015,0.839,0.118,0.098,0,1.055,0.341,20474183
HYME,2016,0.274,0.042,0.033,0,0.348,0.285,20474183
ISLAY,2012,0.002,0.025,0.002,0,0.029,0,21105675
ISLAY,2013,0.002,0.031,0.003,0,0.035,0,21105675
ISLAY,2014,0,0.012,0.001,0,0.013,0,21105675
ISLAY,2015,0,0.008,0.001,0,0.009,0,21105675
ISLAY,2016,0,0.005,0,0,0.005,0,21105675
ISLAY,2017,0,0.003,0,0,0.003,0,21105675
ISLAY,2018,0,0.002,0,0,0.002,0,21105675
ISLAY,2019,0,0.002,0,0,0.002,0,21105675
ISLAY,2020,0,0.001,0,0,0.002,0,21105675
IVAR AASEN,2016,0.023,0.004,0,0,0.027,0,23384520
IVAR AASEN,2017,2.288,0.581,0.173,0,3.042,0.101,23384520
IVAR AASEN,2018,3.074,0.639,0.196,0,3.909,1.055,23384520
IVAR AASEN,2019,3.125,0.389,0.143,0,3.657,1.467,23384520
IVAR AASEN,2020,2.391,0.365,0.141,0,2.897,2.362,23384520
JETTE,2013,0.219,0.005,0,0,0.224,0.035,21613906
JETTE,2014,0.103,0,0,0,0.104,0.344,21613906
JETTE,2015,0.054,0,0,0,0.054,0.354,21613906
JETTE,2016,0.052,0,0,0,0.052,0.343,21613906
JOHAN SVERDRUP,2019,3.724,0.134,0.136,0,3.994,0.003,26376286
JOHAN SVERDRUP,2020,19.73,0.679,0.644,0,21.053,0.017,26376286
JOTUN,1999,0.863,0.012,0,0,0.876,0.002,43604
JOTUN,2000,7.166,0.313,0,0,7.479,0.821,43604
JOTUN,2001,5.48,0.206,0,0,5.685,4.508,43604
JOTUN,2002,2.587,0.068,0,0,2.655,6.84,43604
JOTUN,2003,2.235,0.048,0,0,2.283,7.401,43604
JOTUN,2004,1.103,0.037,0,0,1.14,7.905,43604
JOTUN,2005,0.764,0.051,0,0,0.815,8.101,43604
JOTUN,2006,0.665,0.051,0,0,0.717,7.578,43604
JOTUN,2007,0.515,0.045,0,0,0.559,6.693,43604
JOTUN,2008,0.384,0.022,0,0,0.406,6.085,43604
JOTUN,2009,0.312,0.014,0,0,0.326,5.531,43604
JOTUN,2010,0.254,0.007,0,0,0.261,5.373,43604
JOTUN,2011,0.213,0.005,0,0,0.218,5.138,43604
JOTUN,2012,0.174,0.001,0,0,0.174,4.83,43604
JOTUN,2013,0.151,0.004,0,0,0.154,4.481,43604
JOTUN,2014,0.116,0,0,0,0.117,3.8,43604
JOTUN,2015,0.092,0.001,0,0,0.093,2.689,43604
JOTUN,2016,0.062,0,0,0,0.062,2.283,43604
KNARR,2015,1.268,0.041,0.122,0,1.432,0.023,20460988
KNARR,2016,2.734,0.142,0.48,0,3.355,0.281,20460988
KNARR,2017,2.285,0.11,0.373,0,2.768,1.152,20460988
KNARR,2018,1.005,0.035,0.129,0,1.169,1.836,20460988
KNARR,2019,0.699,0.024,0.076,0,0.799,2.422,20460988
KNARR,2020,0.72,0.027,0.083,0,0.83,1.922,20460988
KRISTIN,2005,0,0.19,0.076,0.195,0.46,0.005,1854729
KRISTIN,2006,1.07,2.61,1.119,1.902,6.7,0.078,1854729
KRISTIN,2007,4.278,3.69,1.578,0,9.546,0.213,1854729
KRISTIN,2008,4.398,3.94,1.625,0,9.963,0.667,1854729
KRISTIN,2009,2.864,2.828,1.178,0,6.87,0.702,1854729
KRISTIN,2010,1.75,2.146,0.903,0,4.8,0.892,1854729
KRISTIN,2011,1.411,1.981,0.891,0,4.283,1.231,1854729
KRISTIN,2012,1.139,1.644,0.698,0,3.482,1.132,1854729
KRISTIN,2013,0.799,1.071,0.378,0,2.248,0.765,1854729
KRISTIN,2014,0.885,1.317,0.457,0,2.66,0.673,1854729
KRISTIN,2015,0.766,1.212,0.592,0,2.57,0.674,1854729
KRISTIN,2016,0.606,0.99,0.403,0,1.999,0.785,1854729
KRISTIN,2017,0.574,1.013,0.439,0,2.026,0.875,1854729
KRISTIN,2018,0.541,0.905,0.406,0,1.852,0.807,1854729
KRISTIN,2019,0.451,0.797,0.312,0,1.559,0.474,1854729
KRISTIN,2020,0.318,0.565,0.25,0,1.133,0.291,1854729
KVITEBJØRN,2004,0.281,0.558,0.034,0,0.873,0.014,1036101
KVITEBJØRN,2005,2.187,4.34,0.59,0,7.117,0.072,1036101
KVITEBJØRN,2006,2.837,5.62,0.81,0,9.267,0.088,1036101
KVITEBJØRN,2007,0.548,1.083,0.14,0,1.771,0.018,1036101
KVITEBJØRN,2008,1.448,3.003,0.453,0,4.904,0.062,1036101
KVITEBJØRN,2009,2.349,5.081,0.808,0,8.237,0.172,1036101
KVITEBJØRN,2010,2.711,6.115,0.775,0,9.6,0.226,1036101
KVITEBJØRN,2011,2.628,6.518,0.829,0,9.974,0.202,1036101
KVITEBJØRN,2012,2.483,6.979,0.933,0,10.396,0.135,1036101
KVITEBJØRN,2013,2.102,6.866,0.991,0,9.959,0.159,1036101
KVITEBJØRN,2014,1.982,6.769,0.979,0,9.73,0.179,1036101
KVITEBJØRN,2015,1.912,6.822,0.672,0,9.406,0.208,1036101
KVITEBJØRN,2016,1.775,6.888,0.707,0,9.37,0.194,1036101
KVITEBJØRN,2017,1.294,6.109,0.621,0,8.024,0.185,1036101
KVITEBJØRN,2018,1.078,5.23,0.525,0,6.833,0.212,1036101
KVITEBJØRN,2019,0.79,4.519,0.437,0,5.746,0.245,1036101
KVITEBJØRN,2020,0.568,3.505,0.373,0,4.445,0.145,1036101
LILLE-FRIGG,1994,0.388,0.584,0,0.003,0.976,0,43583
LILLE-FRIGG,1995,0.437,0.609,0,0.003,1.049,0,43583
LILLE-FRIGG,1996,0.283,0.532,0,0.006,0.822,0,43583
LILLE-FRIGG,1997,0.132,0.271,0,0.003,0.407,0,43583
LILLE-FRIGG,1998,0.071,0.149,0,0.004,0.223,0,43583
LILLE-FRIGG,1999,0.013,0.041,0,0,0.054,0,43583
LILLE-FRIGG,2000,0.002,0,0,0,0.002,0,43583
LILLE-FRIGG,2001,0,0,0,0,0,0,43583
MARIA,2018,1.052,0,0,0,1.052,0.01,26465170
MARIA,2019,0.44,0,0,0,0.44,0.001,26465170
MARIA,2020,0.527,0,0,0,0.527,0,26465170
MARULK,2012,0.05,0.541,0.092,0,0.683,0.004,18212090
MARULK,2013,0.026,0.271,0.048,0,0.345,0.001,18212090
MARULK,2014,0.104,1.139,0.2,0,1.443,0.002,18212090
MARULK,2015,0.104,1.288,0.227,0,1.619,0.001,18212090
MARULK,2016,0.075,1.093,0.191,0,1.359,0.005,18212090
MARULK,2017,0.058,0.992,0.163,0,1.213,0.012,18212090
MARULK,2018,0.027,0.576,0.1,0,0.703,0.014,18212090
MARULK,2019,0.027,0.426,0.076,0,0.529,0.011,18212090
MARULK,2020,0.062,0.487,0.079,0,0.629,0.006,18212090
MIKKEL,2003,0,0.463,0.195,0.229,0.887,0.002,1630514
MIKKEL,2004,0,1.651,0.857,0.732,3.24,0.007,1630514
MIKKEL,2005,0,1.738,0.914,0.76,3.412,0.008,1630514
MIKKEL,2006,0.169,1.613,0.881,0.532,3.194,0.006,1630514
MIKKEL,2007,0.74,1.85,1,0,3.59,0.007,1630514
MIKKEL,2008,0.59,1.506,0.793,0,2.889,0.006,1630514
MIKKEL,2009,0.515,1.781,0.926,0,3.222,0.006,1630514
MIKKEL,2010,0.458,1.694,0.904,0,3.056,0.006,1630514
MIKKEL,2011,0.414,1.672,0.903,0,2.989,0.006,1630514
MIKKEL,2012,0.37,1.615,0.868,0,2.854,0.006,1630514
MIKKEL,2013,0.276,1.295,0.672,0,2.242,0.003,1630514
MIKKEL,2014,0.241,1.216,0.633,0,2.09,0.003,1630514
MIKKEL,2015,0.22,1.107,0.581,0,1.907,0.014,1630514
MIKKEL,2016,0.273,1.383,0.694,0,2.35,0.018,1630514
MIKKEL,2017,0.327,1.646,0.772,0,2.745,0.021,1630514
MIKKEL,2018,0.258,1.692,0.839,0,2.788,0.011,1630514
MIKKEL,2019,0.243,1.318,0.652,0,2.213,0.013,1630514
MIKKEL,2020,0.176,1.11,0.548,0,1.834,0.016,1630514
MIME,1990,0.026,0.006,0.002,0,0.034,0,43792
MIME,1991,0.162,0.037,0.011,0,0.21,0,43792
MIME,1992,0.122,0.028,0.008,0,0.157,0,43792
MIME,1993,0.064,0.015,0.004,0,0.083,0,43792
MORVIN,2010,0.407,0,0,0,0.407,0,4966234
MORVIN,2011,1.558,0,0,0,1.558,0,4966234
MORVIN,2012,1.711,0.207,0.083,0,2.001,0,4966234
MORVIN,2013,1.302,0.967,0.372,0,2.641,0,4966234
MORVIN,2014,0.964,0.76,0.355,0,2.079,0,4966234
MORVIN,2015,0.667,0.529,0.27,0,1.466,0.003,4966234
MORVIN,2016,0.514,0.381,0.178,0,1.073,0.008,4966234
MORVIN,2017,0.46,0.255,0.113,0,0.828,0.026,4966234
MORVIN,2018,0.466,0.286,0.132,0,0.884,0.046,4966234
MORVIN,2019,0.397,0.37,0.16,0,0.927,0.04,4966234
MORVIN,2020,0.231,0.272,0.113,0,0.616,0.019,4966234
MURCHISON,1981,0.72,0,0,0,0.72,0,43665
MURCHISON,1982,1.052,0,0,0,1.052,0,43665
MURCHISON,1983,1.054,0.019,0.049,0,1.121,0,43665
MURCHISON,1984,2.863,0.081,0.195,0,3.139,0,43665
MURCHISON,1985,1.696,0.055,0.139,0,1.89,0,43665
MURCHISON,1986,0.893,0.046,0.082,0,1.022,0,43665
MURCHISON,1987,0.344,0.024,0.024,0,0.392,0,43665
MURCHISON,1988,0.523,0.024,0.019,0,0.566,0,43665
MURCHISON,1989,0.485,0.017,0.016,0,0.518,0,43665
MURCHISON,1990,0.481,0.008,0.013,0,0.501,0,43665
MURCHISON,1991,0.394,0.011,0.01,0,0.416,0,43665
MURCHISON,1992,0.469,0.018,0.015,0,0.502,0,43665
MURCHISON,1993,0.289,0.009,0.007,0,0.306,0,43665
MURCHISON,1994,0.23,0.004,0.005,0,0.239,0,43665
MURCHISON,1995,0.203,0.004,0.005,0,0.212,0,43665
MURCHISON,1996,0.236,0.006,0.005,0,0.247,0,43665
MURCHISON,1997,0.28,0.011,0.01,0,0.302,0,43665
MURCHISON,1998,0.269,0.006,0.007,0,0.282,0,43665
MURCHISON,1999,0.252,0.004,0.005,0,0.261,0,43665
MURCHISON,2000,0.168,0.001,0.005,0,0.173,2.25,43665
MURCHISON,2001,0.09,0,0,0,0.09,2.161,43665
MURCHISON,2002,0.105,0,0.001,0,0.106,2.136,43665
MURCHISON,2003,0.114,0,0.003,0,0.117,2.337,43665
MURCHISON,2004,0.09,0,0.001,0,0.092,2.258,43665
MURCHISON,2005,0.082,0,0,0,0.082,2.189,43665
MURCHISON,2006,0.088,0,0.002,0,0.09,2.378,43665
MURCHISON,2007,0.078,0,0,0,0.078,2.162,43665
MURCHISON,2008,0.075,0,0.001,0,0.076,2.153,43665
MURCHISON,2009,0.068,0,0.001,0,0.069,2.396,43665
MURCHISON,2010,0.046,0,-0.001,0,0.045,1.826,43665
MURCHISON,2011,0.05,0,0,0,0.05,1.918,43665
MURCHISON,2012,0.044,0,0,0,0.044,1.959,43665
MURCHISON,2013,0.028,0,0,0,0.028,1.32,43665
MURCHISON,2014,0.003,0,0,0,0.003,0.103,43665
NJORD,1997,0.367,0,0,0,0.367,0,43751
NJORD,1998,1.696,0,0,0,1.696,0,43751
NJORD,1999,3.523,0,0,0,3.523,0,43751
NJORD,2000,3.921,0,0,0,3.921,0.062,43751
NJORD,2001,2.937,0,0,0,2.937,0.124,43751
NJORD,2002,1.863,0,0,0,1.863,0.103,43751
NJORD,2003,1.764,0,0,0,1.764,0.144,43751
NJORD,2004,1.689,0,0,0,1.689,0.07,43751
NJORD,2005,1.83,0,0,0,1.83,0.08,43751
NJORD,2006,1.392,0,0,0,1.392,0.161,43751
NJORD,2007,1.053,0.075,0.034,0,1.162,0.094,43751
NJORD,2008,0.947,1.997,0.905,0,3.849,0.086,43751
NJORD,2009,0.743,1.824,0.84,0,3.407,0.189,43751
NJORD,2010,0.961,1.777,0.798,0,3.537,0.142,43751
NJORD,2011,0.541,1.384,0.614,0,2.539,0.04,43751
NJORD,2012,0.317,0.756,0.329,0,1.402,0.023,43751
NJORD,2013,0.27,0.542,0.218,0,1.03,0.033,43751
NJORD,2014,0.37,0.61,0.275,0,1.254,0.044,43751
NJORD,2015,0.383,0.964,0.422,0,1.768,0.058,43751
NJORD,2016,0.095,0.2,0.091,0,0.387,0.02,43751
NORDØST FRIGG,1983,0,0.058,0,0,0.058,0,43568
NORDØST FRIGG,1984,0,1.727,0,0.013,1.74,0,43568
NORDØST FRIGG,1985,0,2.228,0,0.013,2.241,0,43568
NORDØST FRIGG,1986,0,1.609,0,0.006,1.615,0,43568
NORDØST FRIGG,1987,0,1.143,0,0.005,1.148,0,43568
NORDØST FRIGG,1988,0,1.121,0,0.007,1.128,0,43568
NORDØST FRIGG,1989,0,1.123,0,0.008,1.131,0,43568
NORDØST FRIGG,1990,0,1.224,0,0.012,1.235,0,43568
NORDØST FRIGG,1991,0,0.797,0,0.008,0.805,0,43568
NORDØST FRIGG,1992,0,0.486,0,0.006,0.492,0,43568
NORDØST FRIGG,1993,0,0.079,0,0.001,0.08,0,43568
NORNE,1997,0.415,0,0,0,0.415,0,43778
NORNE,1998,6.316,0,0,0,6.316,0,43778
NORNE,1999,8.305,0,0,0,8.305,0,43778
NORNE,2000,10.42,0,0,0,10.42,0.139,43778
NORNE,2001,11.297,1.085,0.208,0,12.591,0.303,43778
NORNE,2002,10.27,0.79,0.146,0,11.205,1.056,43778
NORNE,2003,8.552,0.756,0.181,0,9.489,1.856,43778
NORNE,2004,7.008,0.956,0.205,0,8.169,2.473,43778
NORNE,2005,5.267,0.946,0.208,0,6.42,4.953,43778
NORNE,2006,4.849,0.435,0.114,0,5.398,5.463,43778
NORNE,2007,4.274,0.51,0.135,0,4.919,5.854,43778
NORNE,2008,3.482,0.343,0.092,0,3.916,6.45,43778
NORNE,2009,2.214,0.18,0.048,0,2.443,6.399,43778
NORNE,2010,1.931,0.169,0.046,0,2.146,6.467,43778
NORNE,2011,1.615,0.257,0.072,0,1.944,8.107,43778
NORNE,2012,0.743,0.158,0.044,0,0.946,6.123,43778
NORNE,2013,0.802,0.122,0.037,0,0.961,5.681,43778
NORNE,2014,0.706,0.119,0.044,0,0.868,8.085,43778
NORNE,2015,0.631,0.184,0.062,0,0.877,7.865,43778
NORNE,2016,0.43,0.129,0.033,0,0.592,5.905,43778
NORNE,2017,0.57,0.11,0.03,0,0.71,7.226,43778
NORNE,2018,0.615,0.184,0.037,0,0.836,7.458,43778
NORNE,2019,0.433,0.712,0.128,0,1.273,5.92,43778
NORNE,2020,0.426,0.777,0.128,0,1.33,5.518,43778
ODA,2019,0.651,0,0.014,0,0.665,0,29412516
ODA,2020,1.098,0,0.022,0,1.12,0.026,29412516
ODIN,1984,0,1.515,0,0.016,1.532,0,43610
ODIN,1985,0,3.549,0,0.028,3.577,0,43610
ODIN,1986,0,3.371,0,0.021,3.392,0,43610
ODIN,1987,0,3.475,0,0.021,3.496,0,43610
ODIN,1988,0,2.729,0,0.015,2.744,0,43610
ODIN,1989,0,2.827,0,0.019,2.846,0,43610
ODIN,1990,0,2.625,0,0.02,2.645,0,43610
ODIN,1991,0,2.81,0,0.03,2.84,0,43610
ODIN,1992,0,2.289,0,0.023,2.312,0,43610
ODIN,1993,0,1.503,0,0.016,1.52,0,43610
ODIN,1994,0,0.565,0,0.007,0.572,0,43610
ORMEN LANGE,2007,0,1.67,0,0.135,1.805,0.002,2762452
ORMEN LANGE,2008,0,11.437,0,0.967,12.405,0,2762452
ORMEN LANGE,2009,0,20.782,0,1.646,22.427,0,2762452
ORMEN LANGE,2010,0,20.851,0,1.529,22.38,0,2762452
ORMEN LANGE,2011,0,21.739,0,1.654,23.393,0,2762452
ORMEN LANGE,2012,0,22.203,0,1.734,23.937,0,2762452
ORMEN LANGE,2013,0,21.451,0,1.524,22.975,0,2762452
ORMEN LANGE,2014,0,20.21,0,1.364,21.573,0,2762452
ORMEN LANGE,2015,0,16.791,0,1.067,17.858,0,2762452
ORMEN LANGE,2016,0,17.254,0,1.056,18.309,0,2762452
ORMEN LANGE,2017,0,16.236,0,0.92,17.156,0,2762452
ORMEN LANGE,2018,0,15.675,0,0.832,16.506,0,2762452
ORMEN LANGE,2019,0,12.632,0,0.661,13.293,0,2762452
ORMEN LANGE,2020,0,9.93,0,0.501,10.431,0,2762452
OSEBERG,1986,0.291,0,0,0,0.291,0,43625
OSEBERG,1987,0.808,0,0,0,0.808,0,43625
OSEBERG,1988,1.126,0,0,0,1.126,0,43625
OSEBERG,1989,13.514,0,0,0,13.514,0,43625
OSEBERG,1990,17.309,0,0,0,17.309,0,43625
OSEBERG,1991,20.916,0,0,0,20.916,0,43625
OSEBERG,1992,26.104,0,0,0,26.104,0,43625
OSEBERG,1993,28.463,0,0,0,28.463,0,43625
OSEBERG,1994,29.212,0,0,0,29.212,0,43625
OSEBERG,1995,28.985,0,0,0,28.985,0,43625
OSEBERG,1996,29.126,0,0,0,29.126,0,43625
OSEBERG,1997,27.268,0,0,0,27.268,0,43625
OSEBERG,1998,24.102,0,0,0,24.102,0,43625
OSEBERG,1999,19.435,0,0,0,19.435,0,43625
OSEBERG,2000,15.411,1.403,0.63,0,17.444,3.047,43625
OSEBERG,2001,10.97,3.797,0.955,0,15.722,2.155,43625
OSEBERG,2002,10.113,2.798,1.019,0,13.929,1.742,43625
OSEBERG,2003,9.175,1.239,1.025,0,11.439,2.305,43625
OSEBERG,2004,8.714,2.423,1.184,0,12.321,2.537,43625
OSEBERG,2005,7.467,2.821,1.165,0,11.452,2.982,43625
OSEBERG,2006,6.262,3.37,1.255,0,10.887,2.802,43625
OSEBERG,2007,5.164,1.548,1.303,0,8.014,2.415,43625
OSEBERG,2008,5.293,3.818,1.179,0,10.29,2.395,43625
OSEBERG,2009,5.125,2.38,1.075,0,8.58,2.715,43625
OSEBERG,2010,4.309,3.103,0.959,0,8.371,2.915,43625
OSEBERG,2011,3.914,1.53,1.199,0,6.643,2.118,43625
OSEBERG,2012,3.311,4.569,1.176,0,9.056,1.783,43625
OSEBERG,2013,2.999,3.69,1.198,0,7.886,1.76,43625
OSEBERG,2014,2.732,1.95,1.098,0,5.78,2.055,43625
OSEBERG,2015,3.036,2.695,1.12,0,6.851,2.947,43625
OSEBERG,2016,3.49,1.418,1.162,0,6.07,3.068,43625
OSEBERG,2017,3.49,3.463,1.178,0,8.13,3.585,43625
OSEBERG,2018,2.568,2.701,1.055,0,6.324,2.921,43625
OSEBERG,2019,3.321,3.12,1.077,0,7.518,2.432,43625
OSEBERG,2020,3.058,2.075,0.804,0,5.938,2.055,43625
OSEBERG SØR,2000,1.432,0,0,0,1.432,0.004,43645
OSEBERG SØR,2001,4.456,0,0,0,4.456,0.047,43645
OSEBERG SØR,2002,4.36,0.197,0,0,4.557,0.174,43645
OSEBERG SØR,2003,5.06,0.895,0,0,5.955,0.327,43645
OSEBERG SØR,2004,4.582,0.954,0,0,5.536,1.003,43645
OSEBERG SØR,2005,4.182,0.713,0,0,4.895,1.374,43645
OSEBERG SØR,2006,4.07,0.759,0,0,4.829,2.379,43645
OSEBERG SØR,2007,3.173,0.668,0,0,3.841,2.122,43645
OSEBERG SØR,2008,3.305,0.603,0,0,3.908,2.048,43645
OSEBERG SØR,2009,2.634,0.613,0,0,3.247,1.801,43645
OSEBERG SØR,2010,2.302,0.629,0,0,2.931,1.715,43645
OSEBERG SØR,2011,2.081,0.807,0,0,2.889,1.686,43645
OSEBERG SØR,2012,2.097,1.118,0,0,3.215,1.683,43645
OSEBERG SØR,2013,2.593,0.981,0,0,3.574,2.283,43645
OSEBERG SØR,2014,2.116,0.63,0,0,2.746,2.406,43645
OSEBERG SØR,2015,1.971,0.802,0,0,2.773,2.81,43645
OSEBERG SØR,2016,1.887,0.734,0,0,2.621,2.807,43645
OSEBERG SØR,2017,1.76,0.631,0,0,2.391,2.489,43645
OSEBERG SØR,2018,1.278,0.534,0,0,1.812,2.117,43645
OSEBERG SØR,2019,1.373,0.892,0,0,2.264,2.182,43645
OSEBERG SØR,2020,1.06,0.612,0,0,1.672,2.042,43645
OSEBERG ØST,1999,0.911,0,0,0,0.911,0,43639
OSEBERG ØST,2000,2.554,0,0,0,2.554,0.007,43639
OSEBERG ØST,2001,3.813,0,0,0,3.813,0.332,43639
OSEBERG ØST,2002,3.113,0.031,0,0,3.143,1.489,43639
OSEBERG ØST,2003,2.188,0.082,0,0,2.27,2.218,43639
OSEBERG ØST,2004,1.798,0.067,0,0,1.864,2.991,43639
OSEBERG ØST,2005,1.062,0.037,0,0,1.099,2.77,43639
OSEBERG ØST,2006,0.663,0.024,0,0,0.687,2.503,43639
OSEBERG ØST,2007,0.539,0.02,0,0,0.558,2.577,43639
OSEBERG ØST,2008,0.438,0.008,0,0,0.446,1.888,43639
OSEBERG ØST,2009,0.35,0.006,0,0,0.357,1.251,43639
OSEBERG ØST,2010,0.349,0.007,0,0,0.355,1.519,43639
OSEBERG ØST,2011,0.516,0.01,0,0,0.526,1.352,43639
OSEBERG ØST,2012,0.455,0.009,0,0,0.464,1.422,43639
OSEBERG ØST,2013,0.382,0.007,0,0,0.389,1.586,43639
OSEBERG ØST,2014,0.377,0.007,0,0,0.383,1.604,43639
OSEBERG ØST,2015,0.386,0.007,0,0,0.393,2.086,43639
OSEBERG ØST,2016,0.458,0.008,0,0,0.466,2.331,43639
OSEBERG ØST,2017,0.8,0.015,0,0,0.815,1.582,43639
OSEBERG ØST,2018,0.536,0.01,0,0,0.546,1.329,43639
OSEBERG ØST,2019,0.455,0.008,0,0,0.464,1.341,43639
OSEBERG ØST,2020,0.35,0.007,0,0,0.357,1.411,43639
OSELVAR,2012,0.151,0,0.007,0,0.158,0.004,5506919
OSELVAR,2013,0.15,0,0.007,0,0.157,0.003,5506919
OSELVAR,2014,0.126,0,0.007,0,0.133,0.005,5506919
OSELVAR,2015,0.09,0,0.006,0,0.096,0.005,5506919
OSELVAR,2016,0.074,0,0.005,0,0.079,0.005,5506919
OSELVAR,2017,0.07,0,0.005,0,0.075,0.005,5506919
OSELVAR,2018,0.016,0,0.001,0,0.017,0.002,5506919
REV,2009,0.24,0.628,0,0,0.869,0,4467554
REV,2010,0.291,1.129,0.019,0.025,1.464,0,4467554
REV,2011,0.084,0.481,0.033,0.02,0.617,0.006,4467554
REV,2012,0.057,0.296,0.022,0.012,0.387,0.007,4467554
REV,2013,0.025,0.063,0.008,0.003,0.098,0.012,4467554
REV,2014,0.021,0.036,0.004,0.001,0.062,0.009,4467554
REV,2015,0.014,0.018,0.002,0.001,0.035,0.005,4467554
REV,2016,0.005,0.006,0.002,0,0.013,0.003,4467554
REV,2017,0.008,0.017,0.002,0.001,0.028,0.005,4467554
REV,2018,0.002,0.004,0,0,0.007,0.002,4467554
REV,2019,0.002,0.007,0,0,0.01,0.001,4467554
RINGHORNE ØST,2006,0.934,0.031,0,0,0.965,0.034,3505505
RINGHORNE ØST,2007,1.622,0.025,0,0,1.646,0.048,3505505
RINGHORNE ØST,2008,1.979,0.035,0,0,2.015,0.163,3505505
RINGHORNE ØST,2009,1.603,0.043,0,0,1.647,0.757,3505505
RINGHORNE ØST,2010,1.094,0.031,0,0,1.125,0.995,3505505
RINGHORNE ØST,2011,0.945,0.028,0,0,0.973,1.051,3505505
RINGHORNE ØST,2012,0.922,0.023,0,0,0.946,1.119,3505505
RINGHORNE ØST,2013,0.865,0.01,0,0,0.875,1.181,3505505
RINGHORNE ØST,2014,0.702,0.012,0,0,0.714,1.134,3505505
RINGHORNE ØST,2015,0.634,0.015,0,0,0.649,1.215,3505505
RINGHORNE ØST,2016,0.518,0.012,0,0,0.53,1.296,3505505
RINGHORNE ØST,2017,0.439,0,0,0,0.439,1.209,3505505
RINGHORNE ØST,2018,0.277,0,0,0,0.277,1.37,3505505
RINGHORNE ØST,2019,0.28,0,0,0,0.28,1.427,3505505
RINGHORNE ØST,2020,0.161,0,0,0,0.161,0.976,3505505
SIGYN,2003,0,0.913,0.611,0.888,2.412,0.006,1630100
SIGYN,2004,0,0.836,0.66,0.901,2.397,0.022,1630100
SIGYN,2005,0,0.844,0.657,0.872,2.374,0.042,1630100
SIGYN,2006,0,0.716,0.501,0.646,1.863,0.078,1630100
SIGYN,2007,0,0.649,0.492,0.598,1.74,0.095,1630100
SIGYN,2008,0,0.546,0.438,0.508,1.492,0.122,1630100
SIGYN,2009,0,0.485,0.37,0.44,1.295,0.124,1630100
SIGYN,2010,0,0.411,0.256,0.342,1.009,0.119,1630100
SIGYN,2011,0,0.438,0.275,0.343,1.056,0.15,1630100
SIGYN,2012,0,0.335,0.224,0.275,0.834,0.115,1630100
SIGYN,2013,0,0.272,0.176,0.206,0.654,0.102,1630100
SIGYN,2014,0.034,0.178,0.074,0.021,0.307,0.069,1630100
SIGYN,2015,0.068,0.179,0.074,0,0.321,0.09,1630100
SIGYN,2016,0.217,0.182,0.131,0,0.53,0.056,1630100
SIGYN,2017,0.275,0.139,0.123,0,0.537,0.041,1630100
SIGYN,2018,0.068,0.087,0.047,0,0.202,0.05,1630100
SIGYN,2019,0.051,0.095,0.041,0,0.187,0.071,1630100
SIGYN,2020,0.045,0.064,0.029,0,0.137,0.056,1630100
SINDRE,2017,0.02,0,0,0,0.02,0,29401178
SINDRE,2018,0,0,0,0,0,0,29401178
SINDRE,2019,0.002,0,0,0,0.002,0,29401178
SKARV,2013,1.996,2.986,0.717,0,5.698,0.036,4704482
SKARV,2014,3.273,3.613,0.811,0,7.697,0.066,4704482
SKARV,2015,2.89,3.98,0.889,0,7.759,0.083,4704482
SKARV,2016,2.073,4.053,0.88,0,7.006,0.093,4704482
SKARV,2017,1.442,4.047,0.861,0,6.35,0.104,4704482
SKARV,2018,1.302,3.802,0.857,0,5.96,0.099,4704482
SKARV,2019,1.067,3.37,0.736,0,5.173,0.107,4704482
SKARV,2020,0.672,2.478,0.54,0,3.69,0.056,4704482
SKIRNE,2004,0.216,0.657,0,0,0.873,0,2138816
SKIRNE,2005,0.297,1.197,0,0,1.493,0,2138816
SKIRNE,2006,0.271,1.277,0,0,1.548,0,2138816
SKIRNE,2007,0.212,1.023,0,0,1.235,0,2138816
SKIRNE,2008,0.199,1.108,0,0,1.307,0,2138816
SKIRNE,2009,0.206,1.204,0,0,1.409,0,2138816
SKIRNE,2010,0.154,1.002,0,0,1.156,0,2138816
SKIRNE,2011,0.112,0.795,0,0,0.907,0,2138816
SKIRNE,2012,0.081,0.612,0,0,0.693,0,2138816
SKIRNE,2013,0.062,0.493,0,0,0.554,0,2138816
SKIRNE,2014,0.05,0.356,0,0,0.406,0,2138816
SKIRNE,2015,0.078,0.436,0,0,0.514,0,2138816
SKIRNE,2016,0.051,0.036,0,0,0.087,0.017,2138816
SKIRNE,2017,0.015,0.335,0,0,0.35,0.005,2138816
SKIRNE,2018,0.011,0.277,0,0,0.287,0.005,2138816
SKIRNE,2019,0.018,0.188,0,0,0.206,0.004,2138816
SKIRNE,2020,0.012,0.102,0,0,0.113,0.003,2138816
SKOGUL,2020,0.464,0.046,0,0,0.51,0.034,31164600
SKULD,2013,0.516,0.109,0.031,0,0.656,0.054,21350124
SKULD,2014,1.154,0.12,0.046,0,1.321,0.171,21350124
SKULD,2015,0.928,0.063,0.021,0,1.012,0.313,21350124
SKULD,2016,0.589,0.042,0.015,0,0.646,0.284,21350124
SKULD,2017,0.506,0.012,0.005,0,0.522,0.648,21350124
SKULD,2018,0.39,0,0.001,0,0.391,0.492,21350124
SKULD,2019,0.246,0,0,0,0.246,0.415,21350124
SKULD,2020,0.152,0,0,0,0.152,0.347,21350124
SLEIPNER VEST,1996,0,0,0.207,0.497,0.704,0,43457
SLEIPNER VEST,1997,0,0.442,0.78,2.262,3.485,0,43457
SLEIPNER VEST,1998,0,1.453,0.865,2.26,4.578,0,43457
SLEIPNER VEST,1999,0,3.1,1.084,2.379,6.563,0,43457
SLEIPNER VEST,2000,0,0,1.069,2.262,3.331,0.089,43457
SLEIPNER VEST,2001,0,0,1.363,2.15,3.514,0.113,43457
SLEIPNER VEST,2002,0,0,1.341,1.988,3.329,0.093,43457
SLEIPNER VEST,2003,0,0,1.078,1.792,2.87,0.122,43457
SLEIPNER VEST,2004,0,0,0.881,1.486,2.367,0.144,43457
SLEIPNER VEST,2005,0,0,0.914,1.778,2.692,0.16,43457
SLEIPNER VEST,2006,0,0,0.907,1.592,2.499,0.19,43457
SLEIPNER VEST,2007,0,0,0.879,1.599,2.477,0.215,43457
SLEIPNER VEST,2008,0,0,0.711,1.267,1.979,0.127,43457
SLEIPNER VEST,2009,0,0,0.842,1.241,2.083,0.122,43457
SLEIPNER VEST,2010,0,0,0.764,1.047,1.811,0.114,43457
SLEIPNER VEST,2011,0,0,0.97,1.455,2.426,0.142,43457
SLEIPNER VEST,2012,0,0,0.887,1.33,2.217,0.22,43457
SLEIPNER VEST,2013,0,0,0.759,1.056,1.816,0.219,43457
SLEIPNER VEST,2014,0.65,3.169,0.586,0.22,4.625,0.191,43457
SLEIPNER VEST,2015,0.826,4.078,0.526,0,5.43,0.365,43457
SLEIPNER VEST,2016,0.77,3.62,0.39,0,4.78,0.281,43457
SLEIPNER VEST,2017,0.736,3.447,0.387,0,4.57,0.165,43457
SLEIPNER VEST,2018,0.688,3.159,0.433,0,4.279,0.173,43457
SLEIPNER VEST,2019,0.548,2.811,0.397,0,3.756,0.148,43457
SLEIPNER VEST,2020,0.368,1.903,0.284,0,2.555,0.129,43457
SLEIPNER ØST,1993,0,0.834,0.299,0.44,1.573,0,43478
SLEIPNER ØST,1994,0,3.952,1.784,2.383,8.119,0,43478
SLEIPNER ØST,1995,0,5.195,2.489,3.168,10.852,0,43478
SLEIPNER ØST,1996,0,7.625,2.548,3.195,13.369,0,43478
SLEIPNER ØST,1997,0,7.5,2.187,2.7,12.387,0,43478
SLEIPNER ØST,1998,0,7.198,2.102,2.586,11.886,0,43478
SLEIPNER ØST,1999,0,8.069,2.206,2.637,12.913,0,43478
SLEIPNER ØST,2000,0,11.806,1.854,2.113,15.773,0.047,43478
SLEIPNER ØST,2001,0,11.641,1.821,1.877,15.339,0.044,43478
SLEIPNER ØST,2002,0,13.481,1.734,1.529,16.743,0.096,43478
SLEIPNER ØST,2003,0,13.233,1.083,1.015,15.331,0.065,43478
SLEIPNER ØST,2004,0,12.692,0.904,0.72,14.316,0.055,43478
SLEIPNER ØST,2005,0,14.321,0.806,0.607,15.734,0.093,43478
SLEIPNER ØST,2006,0,13.215,0.7,0.467,14.382,0.211,43478
SLEIPNER ØST,2007,0,13.42,0.61,0.413,14.443,0.224,43478
SLEIPNER ØST,2008,0,11.335,0.484,0.309,12.129,0.154,43478
SLEIPNER ØST,2009,0,10.083,0.406,0.219,10.708,0.048,43478
SLEIPNER ØST,2010,0,8.088,0.312,0.144,8.544,0.031,43478
SLEIPNER ØST,2011,0,8.098,0.262,0.143,8.503,0.031,43478
SLEIPNER ØST,2012,0,6.896,0.209,0.091,7.196,0.033,43478
SLEIPNER ØST,2013,0,5.94,0.142,0.06,6.142,0.02,43478
SLEIPNER ØST,2014,0.052,1.512,0.087,0.018,1.668,0.021,43478
SLEIPNER ØST,2015,0.068,0.349,0.075,0,0.492,0.024,43478
SLEIPNER ØST,2016,0.059,0.292,0.057,0,0.408,0.025,43478
SLEIPNER ØST,2017,0.053,0.138,0.032,0,0.223,0.018,43478
SLEIPNER ØST,2018,0.043,0.193,0.046,0,0.282,0.016,43478
SLEIPNER ØST,2019,0.042,0.17,0.042,0,0.254,0.014,43478
SLEIPNER ØST,2020,0.029,0.126,0.03,0,0.185,0.014,43478
SNORRE,1992,1.558,0,0.087,0,1.645,0,43718
SNORRE,1993,6.909,0.215,0.495,0,7.62,0,43718
SNORRE,1994,9.872,0.454,0.61,0,10.936,0,43718
SNORRE,1995,11.374,0.627,0.68,0,12.681,0,43718
SNORRE,1996,11.482,0.611,0.628,0,12.721,0,43718
SNORRE,1997,10.77,0.577,0.568,0,11.915,0,43718
SNORRE,1998,10.091,0.457,0.615,0,11.163,0,43718
SNORRE,1999,9.399,0.308,0.557,0,10.264,0,43718
SNORRE,2000,8.587,0.292,0.535,0,9.415,6.285,43718
SNORRE,2001,11.545,0.521,0.975,0,13.041,6.353,43718
SNORRE,2002,12.64,0.45,0.936,0,14.026,6.134,43718
SNORRE,2003,13.598,0.406,0.667,0,14.671,7.101,43718
SNORRE,2004,11.539,0.193,0.262,0,11.993,7.409,43718
SNORRE,2005,8.956,0.343,0.405,0,9.703,5.902,43718
SNORRE,2006,8.315,0.147,0.22,0,8.682,7.815,43718
SNORRE,2007,8.382,0.064,0.084,0,8.53,9.809,43718
SNORRE,2008,8.472,0.229,0.183,0.002,8.886,8.474,43718
SNORRE,2009,6.006,0.139,0.095,0.005,6.246,6.781,43718
SNORRE,2010,5.83,0.138,0.095,0.005,6.068,8.117,43718
SNORRE,2011,5.517,0.119,0.088,0.004,5.727,7.717,43718
SNORRE,2012,4.45,0.034,0.026,0.002,4.512,7.854,43718
SNORRE,2013,5.088,0.019,0.027,0.004,5.138,9.337,43718
SNORRE,2014,5.619,0.009,0.006,0,5.634,10.053,43718
SNORRE,2015,6.36,0,0,0,6.36,11.154,43718
SNORRE,2016,5.724,0,0,0,5.724,10.617,43718
SNORRE,2017,4.816,0.068,0.113,0,4.997,9.397,43718
SNORRE,2018,5.333,0,0,0,5.333,9.706,43718
SNORRE,2019,3.025,0.011,0.031,0,3.068,5.679,43718
SNORRE,2020,3.203,0,0,0,3.203,4.838,43718
SNØHVIT,2007,0,0.145,0.014,0.111,0.27,0,2053062
SNØHVIT,2008,0,2.355,0.247,0.506,3.108,0,2053062
SNØHVIT,2009,0,3.333,0.325,0.599,4.256,0,2053062
SNØHVIT,2010,0,4.999,0.472,0.842,6.313,0,2053062
SNØHVIT,2011,0,4.315,0.404,0.718,5.437,0,2053062
SNØHVIT,2012,0,4.651,0.43,0.771,5.852,0,2053062
SNØHVIT,2013,0,4.289,0.406,0.694,5.389,0,2053062
SNØHVIT,2014,0,5.224,0.478,0.806,6.508,0,2053062
SNØHVIT,2015,0,5.963,0.539,0.882,7.385,0.009,2053062
SNØHVIT,2016,0,6.055,0.549,0.872,7.476,0.023,2053062
SNØHVIT,2017,0,5.576,0.514,0.786,6.877,0.022,2053062
SNØHVIT,2018,0,6.451,0.579,0.882,7.912,0.026,2053062
SNØHVIT,2019,0,6.216,0.529,0.827,7.573,0.027,2053062
SNØHVIT,2020,0,3.784,0.3,0.493,4.577,0.017,2053062
STATFJORD,1979,0.259,0,0,0,0.259,0,43658
STATFJORD,1980,3.429,0,0,0,3.429,0,43658
STATFJORD,1981,7.928,0,0,0,7.928,0,43658
STATFJORD,1982,11.397,0,0,0,11.397,0,43658
STATFJORD,1983,19.044,0,0,0,19.044,0,43658
STATFJORD,1984,22.437,0,0,0,22.437,0,43658
STATFJORD,1985,28.762,0.454,0.302,0,29.518,0,43658
STATFJORD,1986,34.281,3.01,1.653,0,38.944,0,43658
STATFJORD,1987,34.959,3.26,1.861,0,40.08,0,43658
STATFJORD,1988,34.586,3.203,1.795,0,39.583,0,43658
STATFJORD,1989,33.993,3.014,1.633,0,38.639,0,43658
STATFJORD,1990,33.314,2.972,1.606,0,37.892,0,43658
STATFJORD,1991,34.858,2.838,1.506,0,39.202,0,43658
STATFJORD,1992,36.989,2.981,1.531,0,41.502,0,43658
STATFJORD,1993,33.304,2.96,1.357,0,37.622,0,43658
STATFJORD,1994,31.731,3.144,1.391,0,36.266,0,43658
STATFJORD,1995,25.878,2.942,1.315,0,30.135,0,43658
STATFJORD,1996,21.609,3.236,1.51,0,26.356,0,43658
STATFJORD,1997,19.155,3.094,1.443,0,23.692,0,43658
STATFJORD,1998,16.596,2.512,1.207,0,20.314,0,43658
STATFJORD,1999,12.519,2.28,1.047,0,15.846,0,43658
STATFJORD,2000,10.886,1.552,0.722,0,13.159,34.503,43658
STATFJORD,2001,10.126,1.434,0.646,0,12.206,34.919,43658
STATFJORD,2002,8.872,1.514,0.626,0,11.011,34.071,43658
STATFJORD,2003,7.755,1.194,0.622,0,9.57,35.44,43658
STATFJORD,2004,6.97,2.141,0.693,0.067,9.872,33.689,43658
STATFJORD,2005,5.563,1.96,0.764,0.045,8.332,38.967,43658
STATFJORD,2006,4.259,1.948,0.981,0.016,7.204,31.578,43658
STATFJORD,2007,3.981,2.012,1.016,0.045,7.054,36.166,43658
STATFJORD,2008,3.177,3.023,1.304,0.116,7.621,32.242,43658
STATFJORD,2009,2.111,2.475,1.027,0.096,5.709,20.089,43658
STATFJORD,2010,1.999,2.293,0.884,0.08,5.256,17.978,43658
STATFJORD,2011,1.882,1.349,0.423,0.041,3.695,20.302,43658
STATFJORD,2012,1.541,1.33,0.553,0.039,3.464,21.174,43658
STATFJORD,2013,1.594,1.471,0.944,0.066,4.075,25.251,43658
STATFJORD,2014,1.409,1.773,1.371,0.138,4.691,28.14,43658
STATFJORD,2015,1.365,2.401,1.739,0.183,5.687,26.418,43658
STATFJORD,2016,1.439,2.686,1.901,0,6.026,21.522,43658
STATFJORD,2017,1.178,1.832,1.413,0,4.423,18.313,43658
STATFJORD,2018,1.009,1.3,0.966,0,3.275,16.964,43658
STATFJORD,2019,0.825,1.091,0.67,0,2.587,13.193,43658
STATFJORD,2020,0.698,0.79,0.599,0,2.087,13.717,43658
STATFJORD NORD,1995,2.548,0.119,0.07,0,2.737,0,43679
STATFJORD NORD,1996,3.307,0.329,0.159,0,3.795,0,43679
STATFJORD NORD,1997,3.935,0.173,0.092,0,4.2,0,43679
STATFJORD NORD,1998,3.035,0.166,0.088,0,3.289,0,43679
STATFJORD NORD,1999,3.393,0.157,0.089,0,3.639,0,43679
STATFJORD NORD,2000,3.998,0.121,0.081,0,4.2,1.023,43679
STATFJORD NORD,2001,2.841,0.114,0.108,0,3.063,2.702,43679
STATFJORD NORD,2002,2.275,0.138,0.126,0,2.538,2.892,43679
STATFJORD NORD,2003,2.83,0.184,0.137,0,3.152,3.299,43679
STATFJORD NORD,2004,2.163,0.153,0.116,0,2.432,3.644,43679
STATFJORD NORD,2005,1.906,0.266,0.198,0,2.371,3.791,43679
STATFJORD NORD,2006,1.31,0.16,0.115,0,1.585,3.7,43679
STATFJORD NORD,2007,1.127,0.089,0.064,0,1.279,4.721,43679
STATFJORD NORD,2008,0.744,0.038,0.027,0,0.809,3.907,43679
STATFJORD NORD,2009,0.286,0.016,0.007,0.001,0.309,1.296,43679
STATFJORD NORD,2010,0.409,0.031,0.012,0.001,0.453,1.857,43679
STATFJORD NORD,2011,0.246,0.024,0.008,0.001,0.278,2.124,43679
STATFJORD NORD,2012,0.165,0.01,0.003,0,0.178,1.251,43679
STATFJORD NORD,2013,0.164,0.012,0.008,0.001,0.184,1.147,43679
STATFJORD NORD,2014,0.261,0.017,0.014,0.001,0.294,1.905,43679
STATFJORD NORD,2015,0.299,0.019,0.013,0.002,0.332,1.341,43679
STATFJORD NORD,2016,0.609,0.039,0.029,0,0.677,2.001,43679
STATFJORD NORD,2017,0.616,0.044,0.034,0,0.694,3.575,43679
STATFJORD NORD,2018,0.413,0.03,0.023,0,0.466,2.826,43679
STATFJORD NORD,2019,0.404,0.022,0.015,0,0.44,3.348,43679
STATFJORD NORD,2020,0.437,0.016,0.014,0,0.467,4.005,43679
STATFJORD ØST,1994,0.611,0.032,0.014,0,0.657,0,43672
STATFJORD ØST,1995,3.229,0.136,0.066,0,3.431,0,43672
STATFJORD ØST,1996,3.356,0.221,0.107,0,3.683,0,43672
STATFJORD ØST,1997,4.15,0.256,0.137,0,4.543,0,43672
STATFJORD ØST,1998,4.236,0.246,0.13,0,4.612,0,43672
STATFJORD ØST,1999,3.769,0.278,0.156,0,4.203,0,43672
STATFJORD ØST,2000,2.822,0.344,0.23,0,3.396,1.387,43672
STATFJORD ØST,2001,2.197,0.304,0.287,0,2.788,1.947,43672
STATFJORD ØST,2002,1.917,0.214,0.194,0,2.326,1.958,43672
STATFJORD ØST,2003,1.992,0.242,0.181,0,2.416,2.679,43672
STATFJORD ØST,2004,1.349,0.194,0.148,0,1.691,2.825,43672
STATFJORD ØST,2005,1.129,0.388,0.289,0,1.806,3.261,43672
STATFJORD ØST,2006,1.136,0.332,0.238,0,1.706,2.785,43672
STATFJORD ØST,2007,1.183,0.311,0.219,0,1.713,3.928,43672
STATFJORD ØST,2008,0.782,0.113,0.079,0.001,0.975,2.93,43672
STATFJORD ØST,2009,0.552,0.069,0.035,0.002,0.657,2.068,43672
STATFJORD ØST,2010,0.817,0.109,0.048,0.004,0.978,2.239,43672
STATFJORD ØST,2011,0.393,0.057,0.029,0.001,0.481,1.847,43672
STATFJORD ØST,2012,0.462,0.047,0.024,0.002,0.534,2.259,43672
STATFJORD ØST,2013,0.334,0.057,0.037,0.002,0.43,1.509,43672
STATFJORD ØST,2014,0.225,0.035,0.026,0.002,0.289,1.061,43672
STATFJORD ØST,2015,0.209,0.04,0.021,0.002,0.272,0.912,43672
STATFJORD ØST,2016,0.219,0.023,0.017,0,0.258,0.824,43672
STATFJORD ØST,2017,0.199,0.032,0.025,0,0.255,0.852,43672
STATFJORD ØST,2018,0.142,0.026,0.02,0,0.188,0.8,43672
STATFJORD ØST,2019,0.128,0.009,0.007,0,0.144,0.684,43672
STATFJORD ØST,2020,0.148,0.034,0.031,0,0.214,0.684,43672
SVALIN,2014,1.015,0,0,0,1.015,0.192,22507971
SVALIN,2015,1.961,0,0,0,1.961,0.422,22507971
SVALIN,2016,1.381,0,0,0,1.381,0.863,22507971
SVALIN,2017,0.986,0,0,0,0.986,1.155,22507971
SVALIN,2018,0.731,0,0,0,0.731,1.203,22507971
SVALIN,2019,0.468,0,0,0,0.468,1.547,22507971
SVALIN,2020,0.4,0,0,0,0.4,1.312,22507971
SYGNA,2000,0.642,0,0,0,0.642,0.002,104718
SYGNA,2001,2.55,0,0,0,2.55,0,104718
SYGNA,2002,1.813,0,0,0,1.813,0.439,104718
SYGNA,2003,1.638,0,0,0,1.638,1.177,104718
SYGNA,2004,1.143,0,0,0,1.143,1.311,104718
SYGNA,2005,0.691,0,0,0,0.691,1.793,104718
SYGNA,2006,0.413,0,0,0,0.413,1.603,104718
SYGNA,2007,0.377,0,0,0,0.377,1.946,104718
SYGNA,2008,0.298,0,0,0,0.298,2.095,104718
SYGNA,2009,0.13,0,0,0,0.13,1.141,104718
SYGNA,2010,0.054,0,0,0,0.054,0.327,104718
SYGNA,2011,0.063,0,0,0,0.063,0.219,104718
SYGNA,2012,0.051,0,0,0,0.051,0.136,104718
SYGNA,2013,0.059,0,0,0,0.059,0.144,104718
SYGNA,2014,0.035,0,0,0,0.035,0.072,104718
SYGNA,2015,0.148,0,0,0,0.148,0.715,104718
SYGNA,2016,0.167,0,0,0,0.167,1.345,104718
SYGNA,2017,0.192,0,0,0,0.192,1.204,104718
SYGNA,2018,0.156,0,0,0,0.156,1.111,104718
SYGNA,2019,0.18,0,0,0,0.18,1.727,104718
SYGNA,2020,0.135,0,0,0,0.135,1.797,104718
TAMBAR,2001,0.535,0,0.025,0,0.56,0.003,1028599
TAMBAR,2002,1.726,0,0.087,0,1.814,0.005,1028599
TAMBAR,2003,1.463,0,0.072,0,1.535,0.005,1028599
TAMBAR,2004,0.884,0,0.046,0,0.93,0.004,1028599
TAMBAR,2005,1.24,0,0.07,0,1.31,0.01,1028599
TAMBAR,2006,0.936,0,0.056,0,0.991,0.017,1028599
TAMBAR,2007,0.65,0,0.037,0,0.686,0.019,1028599
TAMBAR,2008,0.591,0,0.037,0,0.629,0.027,1028599
TAMBAR,2009,0.341,0,0.016,0,0.357,0.004,1028599
TAMBAR,2010,0.285,0,0.013,0,0.298,0.003,1028599
TAMBAR,2011,0.29,0,0.011,0,0.302,0.003,1028599
TAMBAR,2012,0.226,0,0.01,0,0.235,0.002,1028599
TAMBAR,2013,0.24,0,0.01,0,0.249,0.011,1028599
TAMBAR,2014,0.334,0,0.014,0,0.347,0.024,1028599
TAMBAR,2015,0.253,0,0.011,0,0.264,0.003,1028599
TAMBAR,2016,0.222,0,0.01,0,0.232,0.008,1028599
TAMBAR,2017,0.191,0,0.009,0,0.2,0.037,1028599
TAMBAR,2018,0.332,0,0.016,0,0.348,0.019,1028599
TAMBAR,2019,0.217,0,0.008,0,0.225,0.022,1028599
TAMBAR,2020,0.234,0,0.008,0,0.242,0.026,1028599
TOMMELITEN GAMMA,1988,0.204,0.255,0.041,0,0.5,0,43444
TOMMELITEN GAMMA,1989,0.785,1.086,0.17,0,2.041,0,43444
TOMMELITEN GAMMA,1990,0.691,1.25,0.184,0,2.125,0,43444
TOMMELITEN GAMMA,1991,0.467,1.001,0.124,0,1.591,0,43444
TOMMELITEN GAMMA,1992,0.437,1.171,0.124,0,1.732,0,43444
TOMMELITEN GAMMA,1993,0.396,1.298,0.14,0,1.834,0,43444
TOMMELITEN GAMMA,1994,0.27,0.993,0.109,0,1.372,0,43444
TOMMELITEN GAMMA,1995,0.224,0.876,0.095,0,1.195,0,43444
TOMMELITEN GAMMA,1996,0.189,0.788,0.083,0,1.061,0,43444
TOMMELITEN GAMMA,1997,0.141,0.648,0.072,0,0.862,0,43444
TOMMELITEN GAMMA,1998,0.069,0.327,0.039,0,0.435,0,43444
TOR,1978,1.207,0.341,0,0,1.548,0,43520
TOR,1979,4.526,1.157,0.14,0,5.823,0,43520
TOR,1980,3.59,1.288,0.278,0,5.155,0,43520
TOR,1981,1.884,1.177,0.229,0,3.29,0,43520
TOR,1982,1.531,1.342,0.272,0,3.145,0,43520
TOR,1983,0.968,1.087,0.255,0,2.31,0,43520
TOR,1984,0.867,0.936,0.217,0,2.02,0,43520
TOR,1985,0.824,0.779,0.201,0,1.805,0,43520
TOR,1986,0.625,0.464,0.117,0,1.205,0,43520
TOR,1987,0.477,0.343,0.089,0,0.909,0,43520
TOR,1988,0.483,0.318,0.096,0,0.897,0,43520
TOR,1989,0.51,0.312,0.089,0,0.912,0,43520
TOR,1990,0.473,0.242,0.068,0,0.783,0,43520
TOR,1991,0.346,0.161,0.038,0,0.545,0,43520
TOR,1992,0.362,0.144,0.031,0,0.538,0,43520
TOR,1993,0.346,0.095,0.022,0,0.463,0,43520
TOR,1994,0.339,0.074,0.019,0,0.432,0,43520
TOR,1995,0.339,0.067,0.018,0,0.424,0,43520
TOR,1996,0.359,0.063,0.017,0,0.439,0,43520
TOR,1997,0.347,0.057,0.017,0,0.421,0,43520
TOR,1998,0.231,0.036,0.011,0,0.278,0,43520
TOR,1999,0.221,0.037,0.011,0,0.269,0,43520
TOR,2000,0.256,0.041,0.011,0,0.307,0.469,43520
TOR,2001,0.257,0.035,0.01,0,0.301,0.715,43520
TOR,2002,0.214,0.025,0.008,0,0.247,0.379,43520
TOR,2003,0.163,0.017,0.007,0,0.187,0.316,43520
TOR,2004,0.197,0.021,0.008,0,0.227,0.177,43520
TOR,2005,0.18,0.02,0.008,0,0.208,0.037,43520
TOR,2006,0.164,0.024,0.009,0,0.197,0.031,43520
TOR,2007,0.315,0.054,0.016,0,0.385,0.187,43520
TOR,2008,0.307,0.033,0.013,0,0.353,0.391,43520
TOR,2009,0.292,0.024,0.01,0,0.326,0.377,43520
TOR,2010,0.237,0.014,0.007,0,0.258,0.224,43520
TOR,2011,0.219,0.008,0.005,0,0.232,0.265,43520
TOR,2012,0.223,0.007,0.005,0,0.236,0.158,43520
TOR,2013,0.199,0.008,0.005,0,0.212,0.209,43520
TOR,2014,0.197,0.009,0.004,0,0.21,0.21,43520
TOR,2015,0.181,0.007,0.004,0,0.191,0.172,43520
TORDIS,1994,1.555,0.093,0.041,0,1.689,0,43725
TORDIS,1995,4.146,0.278,0.171,0,4.594,0,43725
TORDIS,1996,4.504,0.364,0.199,0,5.067,0,43725
TORDIS,1997,4.122,0.39,0.197,0,4.709,0,43725
TORDIS,1998,3.97,0.32,0.196,0,4.486,0,43725
TORDIS,1999,4.42,0.338,0.216,0,4.975,0,43725
TORDIS,2000,3.994,0.304,0.199,0,4.497,1.232,43725
TORDIS,2001,4.754,0.336,0.323,0,5.413,1.103,43725
TORDIS,2002,4.616,0.317,0.319,0,5.251,1.303,43725
TORDIS,2003,4.115,0.329,0.261,0,4.705,1.624,43725
TORDIS,2004,3.686,0.281,0.215,0,4.182,2.274,43725
TORDIS,2005,3.026,0.247,0.19,0,3.463,2.438,43725
TORDIS,2006,1.668,0.107,0.089,0,1.864,2.821,43725
TORDIS,2007,2.43,0.092,0.076,0,2.598,3.047,43725
TORDIS,2008,1.609,0.002,0.002,0,1.613,4.494,43725
TORDIS,2009,1.095,0.005,0.005,0,1.105,3.301,43725
TORDIS,2010,0.736,0,0.004,0,0.741,1.642,43725
TORDIS,2011,0.59,0.408,0.34,0.002,1.341,1.025,43725
TORDIS,2012,0.223,0.018,0.015,0,0.256,0.396,43725
TORDIS,2013,0.508,0.037,0.031,0,0.577,1.254,43725
TORDIS,2014,0.746,0.018,0.016,0,0.78,2.996,43725
TORDIS,2015,1.147,0,0,0,1.147,2.793,43725
TORDIS,2016,1.447,0,0,0,1.447,3.312,43725
TORDIS,2017,1.255,0,0,0,1.255,3.151,43725
TORDIS,2018,0.952,0,0,0,0.952,4.55,43725
TORDIS,2019,0.704,0.378,0.311,0,1.394,4.568,43725
TORDIS,2020,0.524,0.035,0.026,0,0.585,4.459,43725
TRESTAKK,2019,0.52,0,0,0,0.52,0.006,29396445
TRESTAKK,2020,0.821,0,0,0,0.821,0.012,29396445
TROLL,1990,1.051,0,0,0,1.051,0,46437
TROLL,1991,0.176,0,0,0,0.176,0,46437
TROLL,1992,0.063,0,0,0,0.063,0,46437
TROLL,1993,0.06,0,0,0,0.06,0,46437
TROLL,1994,0.061,0,0,0,0.061,0,46437
TROLL,1995,2.856,0,0,0,2.856,0,46437
TROLL,1996,13.324,5.507,0,0,18.831,0,46437
TROLL,1997,14.767,14.317,0,0,29.084,0,46437
TROLL,1998,13.254,19.954,0,0,33.208,0,46437
TROLL,1999,12.909,25.461,0,0.218,38.588,0,46437
TROLL,2000,18.362,24.666,0,0.75,43.778,15.814,46437
TROLL,2001,19.503,21.433,0,0.639,41.576,18.491,46437
TROLL,2002,21.194,25.581,0,0.768,47.543,18.919,46437
TROLL,2003,20.821,26.169,0,1.512,48.502,21.917,46437
TROLL,2004,17.764,26.362,0.282,0.45,44.857,23.636,46437
TROLL,2005,14.093,28.34,1.31,0,43.742,22.594,46437
TROLL,2006,10.82,30.701,1.4,0,42.921,21.258,46437
TROLL,2007,9.426,35.78,1.369,0,46.574,21.661,46437
TROLL,2008,8.168,29.739,1.075,0,38.982,21.539,46437
TROLL,2009,7.849,24.401,1.065,0,33.316,20.957,46437
TROLL,2010,6.87,28.556,1.072,0,36.498,19.984,46437
TROLL,2011,7.264,24.796,0.93,0,32.989,19.843,46437
TROLL,2012,7.1,34.407,1.411,0,42.918,18.964,46437
TROLL,2013,7.097,29.634,1.235,0,37.965,17.761,46437
TROLL,2014,7.298,29.045,1.23,0,37.573,18.744,46437
TROLL,2015,7.014,34.633,1.337,0,42.985,18.333,46437
TROLL,2016,7.348,31.871,1.282,0,40.501,17.625,46437
TROLL,2017,7.244,36.744,1.468,0,45.456,18.027,46437
TROLL,2018,6.41,38.555,1.481,0,46.446,17.172,46437
TROLL,2019,6.259,31.539,1.197,0,38.995,17.73,46437
TROLL,2020,4.071,28.213,1.068,0,33.352,13.619,46437
TRYM,2011,0.334,0.461,0,0,0.795,0,18081500
TRYM,2012,0.369,0.643,0,0,1.012,0,18081500
TRYM,2013,0.192,0.369,0,0,0.561,0,18081500
TRYM,2014,0.199,0.446,0,0,0.645,0,18081500
TRYM,2015,0.197,0.532,0,0,0.729,0,18081500
TRYM,2016,0.152,0.45,0,0,0.602,0,18081500
TRYM,2017,0.134,0.407,0,0,0.541,0,18081500
TRYM,2018,0.067,0.265,0,0,0.332,0.003,18081500
TRYM,2019,0.031,0.145,0,0,0.176,0,18081500
TUNE,2002,0.018,0.044,0.001,0,0.063,0,853376
TUNE,2003,1.139,3.332,0.042,0,4.513,0.048,853376
TUNE,2004,0.958,3.972,0.046,0,4.976,0.041,853376
TUNE,2005,0.506,3.118,0.034,0,3.658,0.032,853376
TUNE,2006,0.287,2.557,0.027,0,2.871,0.015,853376
TUNE,2007,0.165,1.801,0.02,0,1.985,0.027,853376
TUNE,2008,0.099,1.273,0.021,0,1.392,0.098,853376
TUNE,2009,0.112,1.056,0.018,0,1.187,0.024,853376
TUNE,2010,0.071,0.594,0.012,0,0.676,0.006,853376
TUNE,2011,0.046,0.435,0.009,0,0.49,0.007,853376
TUNE,2012,0.042,0.343,0.006,0,0.391,0.013,853376
TUNE,2013,0.043,0.398,0.006,0,0.447,0.009,853376
TUNE,2014,0.032,0.319,0.005,0,0.356,0.035,853376
TUNE,2015,0.022,0.195,0.003,0,0.219,0.027,853376
TUNE,2016,0.013,0.129,0.002,0,0.144,0.007,853376
TUNE,2017,-0.001,0,0.002,0,0.001,0,853376
TUNE,2018,0.01,0.108,0.002,0,0.12,0.007,853376
TUNE,2019,0.005,0.052,0.001,0,0.057,0.002,853376
TUNE,2020,0,0,0,0,0,0,853376
TYRIHANS,2009,1.596,0.348,0.162,0,2.106,0.001,3960848
TYRIHANS,2010,4.056,0.05,0.022,0,4.128,0,3960848
TYRIHANS,2011,5.121,0.27,0.125,0,5.516,0,3960848
TYRIHANS,2012,5.148,0.024,0.012,0,5.184,0.222,3960848
TYRIHANS,2013,3.465,0.352,0.16,0,3.977,0.287,3960848
TYRIHANS,2014,3.517,1.174,0.48,0,5.17,0.806,3960848
TYRIHANS,2015,2.553,1.798,0.662,0,5.013,1.021,3960848
TYRIHANS,2016,1.642,2.141,0.72,0,4.503,1.017,3960848
TYRIHANS,2017,1.567,3.167,0.951,0,5.685,1.151,3960848
TYRIHANS,2018,1.145,2.926,0.913,0,4.984,0.973,3960848
TYRIHANS,2019,0.955,3.244,0.97,0,5.169,1.227,3960848
TYRIHANS,2020,0.727,2.454,0.693,0,3.875,0.992,3960848
ULA,1986,0.847,0.038,0.066,0,0.951,0,43800
ULA,1987,4.581,0.32,0.397,0,5.298,0,43800
ULA,1988,5.062,0.361,0.502,0,5.926,0,43800
ULA,1989,5.056,0.348,0.493,0,5.897,0,43800
ULA,1990,5.505,0.376,0.515,0,6.395,0,43800
ULA,1991,6.783,0.424,0.53,0,7.737,0,43800
ULA,1992,7.317,0.457,0.531,0,8.305,0,43800
ULA,1993,7.346,0.472,0.517,0,8.335,0,43800
ULA,1994,5.458,0.349,0.373,0,6.179,0,43800
ULA,1995,3.799,0.235,0.254,0,4.287,0,43800
ULA,1996,2.715,0.165,0.162,0,3.042,0,43800
ULA,1997,2.222,0.147,0.128,0,2.496,0,43800
ULA,1998,1.697,0.022,0.074,0,1.793,0,43800
ULA,1999,1.457,0,0.051,0,1.508,0,43800
ULA,2000,1.178,0,0.043,0,1.221,4.338,43800
ULA,2001,1.323,0.006,0.069,0,1.399,4.07,43800
ULA,2002,1.241,0.046,0.092,0,1.379,3.009,43800
ULA,2003,1.071,0.05,0.084,0,1.205,3.129,43800
ULA,2004,1.034,0.028,0.066,0,1.127,3.662,43800
ULA,2005,1.085,0,0.074,0,1.159,3.068,43800
ULA,2006,0.988,0,0.064,0,1.052,2.818,43800
ULA,2007,0.805,0.007,0.045,0,0.856,1.849,43800
ULA,2008,0.549,0.001,0.024,0,0.574,0.787,43800
ULA,2009,0.747,0.001,0.033,0,0.782,0.687,43800
ULA,2010,1.101,0,0.053,0,1.154,1.776,43800
ULA,2011,0.739,0,0.027,0,0.766,1.686,43800
ULA,2012,0.529,0,0.021,0,0.55,1.796,43800
ULA,2013,0.544,0,0.023,0,0.567,1.45,43800
ULA,2014,0.646,0,0.022,0,0.668,2.676,43800
ULA,2015,0.496,0,0.017,0,0.513,2.645,43800
ULA,2016,0.461,0,0.016,0,0.477,2.867,43800
ULA,2017,0.455,0,0.014,0,0.468,2.529,43800
ULA,2018,0.427,0,0.009,0,0.436,3.091,43800
ULA,2019,0.31,0,0.025,0,0.335,3.797,43800
ULA,2020,0.248,0,0.028,0,0.277,2.883,43800
URD,2005,0.191,0.011,0.003,0,0.205,0,2834734
URD,2006,2.045,0.069,0.018,0,2.132,0.351,2834734
URD,2007,0.846,0.032,0.008,0,0.886,0.527,2834734
URD,2008,0.51,0.021,0.006,0,0.537,0.494,2834734
URD,2009,0.363,0.007,0.002,0,0.372,0.401,2834734
URD,2010,0.414,0.003,0.001,0,0.418,0.736,2834734
URD,2011,0.314,0.002,0,0,0.316,0.581,2834734
URD,2012,0.325,0.002,0.001,0,0.328,0.694,2834734
URD,2013,0.273,0.032,0.007,0,0.312,0.572,2834734
URD,2014,0.388,0.065,0.015,0,0.467,0.596,2834734
URD,2015,0.257,0.017,0.003,0,0.277,0.878,2834734
URD,2016,0.26,0.02,0.003,0,0.283,0.591,2834734
URD,2017,0.518,0.008,0.001,0,0.526,0.645,2834734
URD,2018,0.275,0,0,0,0.275,0.685,2834734
URD,2019,0.182,0,0,0,0.182,0.623,2834734
URD,2020,0.108,0,0,0,0.108,0.373,2834734
UTGARD,2019,0.199,0.16,0.067,0,0.427,0.001,28975098
UTGARD,2020,0.296,0.312,0.114,0,0.722,0.098,28975098
VALE,2002,0.054,0,0,0,0.054,0,1578893
VALE,2003,0.153,0.119,0,0,0.272,0,1578893
VALE,2004,0.16,0.132,0,0,0.292,0,1578893
VALE,2005,0.077,0.062,0,0,0.139,0,1578893
VALE,2006,0.178,0.146,0,0,0.324,0,1578893
VALE,2007,0.173,0.136,0,0,0.31,0,1578893
VALE,2008,0.204,0.173,0,0,0.376,0,1578893
VALE,2009,0.183,0.156,0,0,0.339,0,1578893
VALE,2010,0.008,0.009,0,0,0.017,0,1578893
VALE,2011,0.016,0.015,0,0,0.031,0,1578893
VALE,2012,0.125,0.122,0,0,0.246,0,1578893
VALE,2013,0.178,0.181,0,0,0.359,0,1578893
VALE,2014,0.203,0.233,0,0,0.436,0,1578893
VALE,2015,0.267,0.292,0,0,0.56,0,1578893
VALE,2016,0.151,0.136,0,0,0.286,0,1578893
VALE,2017,0.077,0.07,0,0,0.147,0,1578893
VALE,2018,0.024,0.009,0,0,0.033,0,1578893
VALE,2019,0.036,0.001,0,0,0.037,0,1578893
VALE,2020,0.127,0.027,0,0,0.154,0.004,1578893
VALEMON,2015,0.266,1.516,0.028,0,1.811,0.032,20460969
VALEMON,2016,0.451,2.846,0.012,0,3.308,0.111,20460969
VALEMON,2017,0.319,2.599,0.011,0,2.929,0.08,20460969
VALEMON,2018,0.301,2.367,0.006,0,2.673,0.103,20460969
VALEMON,2019,0.185,1.546,0.003,0,1.734,0.107,20460969
VALEMON,2020,0.101,0.882,0.005,0,0.988,0.06,20460969
VALHALL,1982,0.085,0,0.002,0,0.087,0,43548
VALHALL,1983,0.967,0.101,0.067,0,1.135,0,43548
VALHALL,1984,2.843,0.513,0.242,0,3.598,0,43548
VALHALL,1985,2.781,0.468,0.313,0,3.562,0,43548
VALHALL,1986,2.538,0.43,0.277,0,3.245,0,43548
VALHALL,1987,3.478,0.622,0.336,0,4.436,0,43548
VALHALL,1988,3.699,0.709,0.334,0,4.743,0,43548
VALHALL,1989,4.239,0.842,0.376,0,5.457,0,43548
VALHALL,1990,4.156,0.919,0.375,0,5.45,0,43548
VALHALL,1991,3.744,0.818,0.249,0,4.811,0,43548
VALHALL,1992,4.046,0.928,0.228,0,5.202,0,43548
VALHALL,1993,3.537,0.8,0.191,0,4.527,0,43548
VALHALL,1994,3.155,0.667,0.165,0,3.988,0,43548
VALHALL,1995,3.49,0.788,0.191,0,4.468,0,43548
VALHALL,1996,4.035,0.88,0.227,0,5.141,0,43548
VALHALL,1997,4.527,0.94,0.251,0,5.718,0,43548
VALHALL,1998,5.168,0.965,0.241,0,6.375,0,43548
VALHALL,1999,5.31,1.036,0.258,0,6.605,0,43548
VALHALL,2000,4.578,0.889,0.222,0,5.689,0.203,43548
VALHALL,2001,4.363,0.882,0.213,0,5.458,0.267,43548
VALHALL,2002,4.181,0.875,0.2,0,5.255,0.334,43548
VALHALL,2003,4.155,0.632,0.197,0,4.984,0.344,43548
VALHALL,2004,4.773,0.968,0.234,0,5.974,0.517,43548
VALHALL,2005,4.83,0.956,0.232,0,6.018,0.577,43548
VALHALL,2006,4.041,0.772,0.21,0,5.024,0.844,43548
VALHALL,2007,3.411,0.608,0.166,0,4.185,0.693,43548
VALHALL,2008,2.811,0.486,0.144,0,3.441,0.709,43548
VALHALL,2009,2.266,0.349,0.112,0,2.727,0.406,43548
VALHALL,2010,2.09,0.338,0.104,0,2.532,0.397,43548
VALHALL,2011,1.642,0.25,0.074,0,1.966,0.351,43548
VALHALL,2012,0.964,0.134,0.043,0,1.142,0.296,43548
VALHALL,2013,1.768,0.237,0.076,0,2.081,0.341,43548
VALHALL,2014,2.225,0.381,0.115,0,2.721,0.488,43548
VALHALL,2015,2.403,0.436,0.123,0,2.962,0.596,43548
VALHALL,2016,1.997,0.37,0.1,0,2.467,0.68,43548
VALHALL,2017,1.769,0.305,0.085,0,2.16,0.791,43548
VALHALL,2018,1.863,0.308,0.088,0,2.259,0.848,43548
VALHALL,2019,2.046,0.315,0.099,0,2.459,0.842,43548
VALHALL,2020,2.189,0.342,0.099,0,2.63,0.772,43548
VARG,1998,0.01,0,0,0,0.01,0,43451
VARG,1999,1.743,0,0,0,1.743,0,43451
VARG,2000,1.738,0,0,0,1.738,0.296,43451
VARG,2001,1.185,0,0,0,1.185,1.067,43451
VARG,2002,0.784,0,0,0,0.784,1.392,43451
VARG,2003,0.921,0,0,0,0.921,0.769,43451
VARG,2004,1.207,0,0,0,1.207,0.366,43451
VARG,2005,1.281,0,0,0,1.281,0.327,43451
VARG,2006,0.854,0,0,0,0.854,0.874,43451
VARG,2007,0.797,0,0,0,0.797,1.681,43451
VARG,2008,0.703,0,0,0,0.703,1.656,43451
VARG,2009,0.789,0,0,0,0.789,1.034,43451
VARG,2010,1.42,0,0,0,1.42,0.694,43451
VARG,2011,0.972,0,0,0,0.972,0.499,43451
VARG,2012,0.647,0,0,0,0.647,0.997,43451
VARG,2013,0.46,0,0,0,0.46,0.942,43451
VARG,2014,0.399,0.127,0.016,0.014,0.556,1.361,43451
VARG,2015,0.32,0.079,0.01,0.004,0.413,1.179,43451
VARG,2016,0.101,0.091,0.012,0.004,0.209,0.397,43451
VEGA,2010,0.018,0,0.005,0.001,0.024,0.01,4467595
VEGA,2011,0.658,0.742,0.36,0.044,1.804,0.052,4467595
VEGA,2012,0.858,1.042,0.627,0.062,2.589,0.176,4467595
VEGA,2013,0.999,1.49,0.866,0.098,3.453,0.017,4467595
VEGA,2014,1.183,1.666,1.052,0.114,4.015,0.02,4467595
VEGA,2015,1.115,1.686,1.024,0.109,3.934,0.027,4467595
VEGA,2016,0.903,1.671,1.049,0,3.624,0.028,4467595
VEGA,2017,0.578,1.268,0.843,0,2.689,0.021,4467595
VEGA,2018,0.547,1.434,0.942,0,2.924,0.024,4467595
VEGA,2019,0.468,1.503,0.788,0,2.758,0.022,4467595
VEGA,2020,0.351,1.287,0.743,0,2.38,0.021,4467595
VESLEFRIKK,1990,2.873,0,0.158,0,3.031,0,43618
VESLEFRIKK,1991,3.489,0,0.22,0,3.709,0,43618
VESLEFRIKK,1992,3.953,0,0.247,0,4.2,0,43618
VESLEFRIKK,1993,3.932,0.117,0.232,0,4.281,0,43618
VESLEFRIKK,1994,4.443,0.253,0.26,0,4.956,0,43618
VESLEFRIKK,1995,4.458,0.408,0.257,0,5.122,0,43618
VESLEFRIKK,1996,4.069,0.432,0.252,0,4.753,0,43618
VESLEFRIKK,1997,3.475,0.139,0.086,0,3.7,0,43618
VESLEFRIKK,1998,3.268,0.277,0.164,0,3.709,0,43618
VESLEFRIKK,1999,1.899,0.112,0.069,0,2.08,0,43618
VESLEFRIKK,2000,2.405,0.199,0.143,0,2.747,3.112,43618
VESLEFRIKK,2001,1.977,0.065,0.064,0,2.105,3.854,43618
VESLEFRIKK,2002,1.645,0.029,0.026,0,1.7,4.551,43618
VESLEFRIKK,2003,1.686,0.031,0.023,0,1.739,4.191,43618
VESLEFRIKK,2004,1.589,0.022,0.022,0,1.632,5.073,43618
VESLEFRIKK,2005,1.527,0.044,0.035,0,1.606,4.46,43618
VESLEFRIKK,2006,1.113,0.033,0.019,0,1.166,5.006,43618
VESLEFRIKK,2007,0.909,0.003,0.002,0,0.914,5.491,43618
VESLEFRIKK,2008,0.702,0.003,0.002,0,0.706,4.762,43618
VESLEFRIKK,2009,0.678,0.002,0.001,0,0.682,5.233,43618
VESLEFRIKK,2010,0.766,0,0,0,0.766,6.364,43618
VESLEFRIKK,2011,0.707,0.019,0.012,0,0.738,5,43618
VESLEFRIKK,2012,0.746,0.127,0.091,0,0.965,5.036,43618
VESLEFRIKK,2013,0.536,0.165,0.101,0,0.802,3.553,43618
VESLEFRIKK,2014,0.477,0.26,0.161,0,0.898,3.63,43618
VESLEFRIKK,2015,0.44,0.343,0.197,0,0.981,4.341,43618
VESLEFRIKK,2016,0.388,0.317,0.177,0,0.882,4.722,43618
VESLEFRIKK,2017,0.315,0.213,0.114,0,0.642,3.857,43618
VESLEFRIKK,2018,0.276,0.208,0.115,0,0.6,3.143,43618
VESLEFRIKK,2019,0.24,0.143,0.079,0,0.462,2.61,43618
VESLEFRIKK,2020,0.2,0.1,0.055,0,0.355,2.37,43618
VEST EKOFISK,1977,0.753,0.257,0,0,1.009,0,43513
VEST EKOFISK,1978,3.847,4.346,0,0,8.193,0,43513
VEST EKOFISK,1979,2.136,3.914,0.241,0,6.291,0,43513
VEST EKOFISK,1980,1.162,2.88,0.35,0,4.391,0,43513
VEST EKOFISK,1981,0.546,1.49,0.188,0,2.224,0,43513
VEST EKOFISK,1982,0.522,1.672,0.229,0,2.423,0,43513
VEST EKOFISK,1983,0.517,1.68,0.28,0,2.478,0,43513
VEST EKOFISK,1984,0.399,1.282,0.207,0,1.888,0,43513
VEST EKOFISK,1985,0.381,1.292,0.226,0,1.899,0,43513
VEST EKOFISK,1986,0.332,1.341,0.218,0,1.891,0,43513
VEST EKOFISK,1987,0.283,1.246,0.202,0,1.731,0,43513
VEST EKOFISK,1988,0.284,1.068,0.205,0,1.557,0,43513
VEST EKOFISK,1989,0.213,0.748,0.138,0,1.099,0,43513
VEST EKOFISK,1990,0.157,0.524,0.095,0,0.777,0,43513
VEST EKOFISK,1991,0.119,0.415,0.064,0,0.597,0,43513
VEST EKOFISK,1992,0.099,0.357,0.049,0,0.504,0,43513
VEST EKOFISK,1993,0.108,0.409,0.058,0,0.575,0,43513
VEST EKOFISK,1994,0.097,0.347,0.051,0,0.495,0,43513
VEST EKOFISK,1995,0.071,0.252,0.039,0,0.362,0,43513
VEST EKOFISK,1996,0.055,0.195,0.029,0,0.279,0,43513
VEST EKOFISK,1997,0.046,0.166,0.026,0,0.238,0,43513
VEST EKOFISK,1998,0.026,0.094,0.016,0,0.135,0,43513
VIGDIS,1997,1.597,0,0,0,1.597,0,43732
VIGDIS,1998,4.724,0,0,0,4.724,0,43732
VIGDIS,1999,5.109,0,0,0,5.109,0,43732
VIGDIS,2000,4.198,0,0,0,4.198,1.126,43732
VIGDIS,2001,3.67,0,0,0,3.67,2.284,43732
VIGDIS,2002,3.053,0,0,0,3.053,1.628,43732
VIGDIS,2003,3.362,0.038,0.053,0,3.453,3.173,43732
VIGDIS,2004,3.587,0.19,0.258,0,4.035,2.334,43732
VIGDIS,2005,3.691,0.187,0.228,0,4.107,1.991,43732
VIGDIS,2006,3.758,0.217,0.328,0,4.304,1.873,43732
VIGDIS,2007,3.277,0.209,0.293,0,3.779,2.612,43732
VIGDIS,2008,3.069,0.215,0.18,0.006,3.469,2.414,43732
VIGDIS,2009,2.633,0.199,0.142,0.008,2.982,2.868,43732
VIGDIS,2010,1.971,0.12,0.081,0.005,2.177,2.549,43732
VIGDIS,2011,2.035,0.142,0.115,0.005,2.296,3.748,43732
VIGDIS,2012,1.862,0.175,0.146,0.01,2.193,4.286,43732
VIGDIS,2013,1.908,0.104,0.065,0.003,2.08,4.116,43732
VIGDIS,2014,2.209,0.025,0.078,0.009,2.321,4.113,43732
VIGDIS,2015,2.051,0,0,0,2.051,4.72,43732
VIGDIS,2016,1.735,0.023,0.168,0,1.926,5.175,43732
VIGDIS,2017,1.287,0.031,0.152,0,1.47,4.456,43732
VIGDIS,2018,1.384,0.034,0.157,0,1.575,4.846,43732
VIGDIS,2019,0.98,0.012,0.063,0,1.055,4.226,43732
VIGDIS,2020,0.661,0,0,0,0.661,2.63,43732
VILJE,2008,0.527,0.017,0,0,0.545,0,3392471
VILJE,2009,1.557,0.07,0,0,1.627,0.004,3392471
VILJE,2010,1.783,0.083,0,0,1.866,0.001,3392471
VILJE,2011,1.772,0.081,0,0,1.854,0.032,3392471
VILJE,2012,1.764,0.078,0,0,1.842,0.242,3392471
VILJE,2013,1.318,0.055,0,0,1.373,0.598,3392471
VILJE,2014,1.089,0.043,0,0,1.132,0.736,3392471
VILJE,2015,0.789,0.026,0,0,0.815,0.951,3392471
VILJE,2016,0.818,0.03,0,0,0.849,0.86,3392471
VILJE,2017,0.655,0.022,0,0,0.677,0.997,3392471
VILJE,2018,0.484,0.014,0,0,0.498,1.276,3392471
VILJE,2019,0.294,0.007,0,0,0.302,0.904,3392471
VILJE,2020,0.252,0.007,0,0,0.259,0.727,3392471
VISUND,1999,0.628,0,0,0,0.628,0,43745
VISUND,2000,2.253,0,0,0,2.253,0.581,43745
VISUND,2001,2.536,0,0,0,2.536,1.121,43745
VISUND,2002,2.459,0,0,0,2.459,0.668,43745
VISUND,2003,2.021,0,0,0,2.021,1.005,43745
VISUND,2004,1.863,0,0,0,1.863,1.487,43745
VISUND,2005,1.116,0.345,0.043,0,1.504,0.297,43745
VISUND,2006,1.21,1.039,0.127,0,2.376,0.597,43745
VISUND,2007,2.251,1.507,0.133,0,3.891,0.822,43745
VISUND,2008,1.724,0.793,0.089,0,2.606,0.374,43745
VISUND,2009,1.563,1.137,0.133,0,2.834,0.364,43745
VISUND,2010,1.403,1.116,0.107,0,2.626,0.446,43745
VISUND,2011,0.669,0.557,0.039,0,1.265,0.199,43745
VISUND,2012,0.719,0.456,0.042,0,1.217,0.323,43745
VISUND,2013,1.043,0.654,0.074,0,1.77,0.44,43745
VISUND,2014,1.713,0.575,0.07,0,2.358,1.283,43745
VISUND,2015,2.166,1.329,0.137,0,3.632,1.167,43745
VISUND,2016,2.542,2.392,0.305,0,5.239,1.452,43745
VISUND,2017,1.949,3.48,0.427,0,5.856,1.442,43745
VISUND,2018,1.869,4.374,0.487,0,6.73,1.778,43745
VISUND,2019,1.51,4.943,0.529,0,6.983,1.715,43745
VISUND,2020,0.95,3.79,0.457,0,5.197,1.234,43745
VISUND SØR,2012,0.049,0.018,0.005,0,0.072,0,20461008
VISUND SØR,2013,0.422,0.499,0.125,0,1.045,0.029,20461008
VISUND SØR,2014,0.559,0.685,0.179,0,1.423,0.123,20461008
VISUND SØR,2015,0.638,0.775,0.207,0,1.62,0.374,20461008
VISUND SØR,2016,0.336,0.73,0.186,0,1.252,0.697,20461008
VISUND SØR,2017,0.284,0.775,0.219,0,1.277,0.32,20461008
VISUND SØR,2018,0.205,0.875,0.226,0,1.305,0,20461008
VISUND SØR,2019,0.101,0.55,0.148,0,0.8,0.01,20461008
VISUND SØR,2020,0.066,0.445,0.118,0,0.628,0.169,20461008
VOLUND,2009,0.009,0.001,0,0,0.01,0,4380167
VOLUND,2010,0.801,0.078,0,0,0.879,0.001,4380167
VOLUND,2011,1.831,0.171,0,0,2.002,0.011,4380167
VOLUND,2012,1.99,0.181,0,0,2.171,0.064,4380167
VOLUND,2013,1.864,0.166,0,0,2.031,0.349,4380167
VOLUND,2014,1.093,0.128,0,0,1.221,1.065,4380167
VOLUND,2015,0.724,0.11,0,0,0.834,1.169,4380167
VOLUND,2016,0.401,0.052,0,0,0.453,0.917,4380167
VOLUND,2017,0.575,0.078,0,0,0.653,0.057,4380167
VOLUND,2018,0.895,0.166,0,0,1.061,0.467,4380167
VOLUND,2019,0.644,0.144,0,0,0.789,0.756,4380167
VOLUND,2020,0.415,0.083,0,0,0.497,0.721,4380167
VOLVE,2008,1.77,0.155,0.067,0.026,2.019,0.005,3420717
VOLVE,2009,2.717,0.297,0.116,0.035,3.165,0.273,3420717
VOLVE,2010,1.699,0.157,0.056,0.017,1.928,1.889,3420717
VOLVE,2011,0.859,0.077,0.025,0.006,0.967,2.191,3420717
VOLVE,2012,0.587,0.045,0.011,0.003,0.646,2.11,3420717
VOLVE,2013,0.572,0.04,0.006,0.001,0.619,2.576,3420717
VOLVE,2014,0.76,0.014,0.007,0,0.781,2.716,3420717
VOLVE,2015,0.881,0,0.014,0,0.895,2.01,3420717
VOLVE,2016,0.327,0.028,0.003,0,0.357,1.573,3420717
YME,1996,1.195,0,0,0,1.195,0,43807
YME,1997,1.98,0,0,0,1.98,0,43807
YME,1998,1.97,0,0,0,1.97,0,43807
YME,1999,1.484,0,0,0,1.484,0,43807
YME,2000,1.071,0,0,0,1.071,0.688,43807
YME,2001,0.207,0,0,0,0.207,0.226,43807
YTTERGRYTA,2009,0.117,0.301,0.111,0,0.529,0.002,4973114
YTTERGRYTA,2010,0.118,0.312,0.115,0,0.545,0.003,4973114
YTTERGRYTA,2011,0.055,0.317,0.123,0,0.495,0.001,4973114
YTTERGRYTA,2012,0,0.303,0.119,0,0.423,0,4973114
YTTERGRYTA,2013,0.003,0.448,0.169,0,0.62,0,4973114
YTTERGRYTA,2014,0,0.13,0.048,0,0.178,0,4973114
ÆRFUGL,2013,0.128,0,0,0,0.128,0.001,33310197
ÆRFUGL,2014,0.108,0,0,0,0.108,0.001,33310197
ÆRFUGL,2015,0.176,0,0,0,0.176,0.004,33310197
ÆRFUGL,2016,0.226,0,0,0,0.226,0.011,33310197
ÆRFUGL,2017,0.161,0,0,0,0.161,0.004,33310197
ÆRFUGL,2018,0.223,0,0,0,0.223,0.005,33310197
ÆRFUGL,2019,0.216,0,0,0,0.216,0.006,33310197
ÆRFUGL,2020,0.259,0,0,0,0.259,0.021,33310197
ØST FRIGG,1988,0,0.391,0,0.002,0.393,0,43576
ØST FRIGG,1989,0,1.505,0,0.012,1.517,0,43576
ØST FRIGG,1990,0,1.375,0,0.01,1.385,0,43576
ØST FRIGG,1991,0,1.563,0,0.013,1.576,0,43576
ØST FRIGG,1992,0,1.111,0,0.012,1.123,0,43576
ØST FRIGG,1993,0,1.267,0,0.011,1.278,0,43576
ØST FRIGG,1994,0,0.983,0,0.007,0.99,0,43576
ØST FRIGG,1995,0,0.319,0,0.001,0.32,0,43576
ØST FRIGG,1996,0,0.61,0,0,0.611,0,43576
ØST FRIGG,1997,0,0.096,0,0,0.097,0,43576
ØST FRIGG,1998,0,0,0,0,0,0,43576
ÅSGARD,1999,3.901,0,0,0,3.901,0,43765
ÅSGARD,2000,7.837,0.523,0.086,0.098,8.544,0.093,43765
ÅSGARD,2001,8.32,3.892,1.306,0.681,14.2,0.136,43765
ÅSGARD,2002,8.232,7.247,2.224,2.592,20.296,0.198,43765
ÅSGARD,2003,6.944,10.073,3.526,4.329,24.872,0.295,43765
ÅSGARD,2004,5.658,10.203,3.488,3.853,23.202,0.409,43765
ÅSGARD,2005,4.637,10.513,3.639,3.351,22.14,0.438,43765
ÅSGARD,2006,4.836,9.77,3.609,2.209,20.424,0.438,43765
ÅSGARD,2007,6.793,11.441,4.16,0,22.394,0.552,43765
ÅSGARD,2008,5.949,11.417,4.022,0,21.388,0.677,43765
ÅSGARD,2009,5.729,12.174,4.54,0,22.443,0.876,43765
ÅSGARD,2010,5.026,11.967,4.512,0,21.506,0.912,43765
ÅSGARD,2011,3.932,12.083,4.832,0,20.848,0.725,43765
ÅSGARD,2012,4.001,12.174,5.07,0,21.245,0.684,43765
ÅSGARD,2013,3.166,9.614,3.849,0,16.629,0.692,43765
ÅSGARD,2014,3.05,9.899,3.767,0,16.717,0.792,43765
ÅSGARD,2015,2.732,9.806,3.56,0,16.098,0.997,43765
ÅSGARD,2016,2.545,10.237,3.541,0,16.323,0.929,43765
ÅSGARD,2017,2.331,10.228,3.382,0,15.942,0.824,43765
ÅSGARD,2018,1.997,9.482,3.259,0,14.738,0.497,43765
ÅSGARD,2019,1.729,8.728,3.128,0,13.585,0.476,43765
ÅSGARD,2020,1.143,5.557,2.072,0,8.772,0.466,43765
AASTA HANSTEEN,2018,0,0.027,0,0,0.028,0,23395946
AASTA HANSTEEN,2019,0,6.754,0,0.167,6.921,0.011,23395946
AASTA HANSTEEN,2020,0,7.192,0,0.158,7.35,0.017,23395946
